,Unnamed: 0,task_name,agent_name,demo_type,task_params,demo_index,is_success,final_distance,min_distance,max_eplen,gripper_image_paths
0,0,Vision_Random,agent-policy:rnn_grasp_policy-cams:wrist-policy:rnn_grasp_policy-rnn_opts:None,control,"{'scale': 1.0, 'wrist_cam_distance': 0.6}",0,False,0.1971880592905417,0.1365832755523209,90,[]
1,1,Vision_Random,agent-policy:rnn_grasp_policy-cams:wrist-policy:rnn_grasp_policy-rnn_opts:None,control,"{'scale': 1.0, 'wrist_cam_distance': 0.6}",1,False,0.1005143312167007,0.1005143312167007,90,[]
2,2,Vision_Random,agent-policy:rnn_grasp_policy-cams:wrist-policy:rnn_grasp_policy-rnn_opts:None,control,"{'scale': 1.0, 'wrist_cam_distance': 0.6}",2,False,0.3052505370055348,0.2243337606948386,90,[]
3,3,Vision_Random,agent-policy:rnn_grasp_policy-cams:wrist-policy:rnn_grasp_policy-rnn_opts:None,control,"{'scale': 1.0, 'wrist_cam_distance': 0.6}",3,False,0.2756515615799023,0.2128683251905328,90,[]
4,4,Vision_Random,agent-policy:rnn_grasp_policy-cams:wrist-policy:rnn_grasp_policy-rnn_opts:None,control,"{'scale': 1.0, 'wrist_cam_distance': 0.6}",4,False,0.0957507719126273,0.0957507719126273,90,[]
5,5,Vision_Random,agent-policy:rnn_grasp_policy-cams:wrist-policy:rnn_grasp_policy-rnn_opts:None,control,"{'scale': 1.0, 'wrist_cam_distance': 0.6}",5,False,0.2283467036801054,0.1335549542427896,90,[]
6,6,Vision_Random,agent-policy:rnn_grasp_policy-cams:wrist-policy:rnn_grasp_policy-rnn_opts:None,control,"{'scale': 1.0, 'wrist_cam_distance': 0.6}",6,False,0.0909427869524534,0.0909427869524534,90,[]
7,7,Vision_Random,agent-policy:rnn_grasp_policy-cams:wrist-policy:rnn_grasp_policy-rnn_opts:None,control,"{'scale': 1.0, 'wrist_cam_distance': 0.6}",7,False,0.141115857674492,0.130918407436241,90,[]
8,8,Vision_Random,agent-policy:rnn_grasp_policy-cams:wrist-policy:rnn_grasp_policy-rnn_opts:None,control,"{'scale': 1.0, 'wrist_cam_distance': 0.6}",8,False,0.216446966636224,0.1752496662824491,90,[]
9,9,Vision_Random,agent-policy:rnn_grasp_policy-cams:wrist-policy:rnn_grasp_policy-rnn_opts:None,control,"{'scale': 1.0, 'wrist_cam_distance': 0.6}",9,False,0.2028983886777551,0.1561137124586482,90,[]
10,10,Vision_Random,agent-policy:rnn_grasp_policy-cams:wrist+wrist_depth-policy:rnn_grasp_policy-rnn_opts:None,control,"{'scale': 1.0, 'wrist_cam_distance': 0.6}",0,False,0.1803506149766984,0.1387248064575557,90,[]
11,11,Vision_Random,agent-policy:rnn_grasp_policy-cams:wrist+wrist_depth-policy:rnn_grasp_policy-rnn_opts:None,control,"{'scale': 1.0, 'wrist_cam_distance': 0.6}",1,False,0.1736429972135598,0.1142123974751697,90,[]
12,12,Vision_Random,agent-policy:rnn_grasp_policy-cams:wrist+wrist_depth-policy:rnn_grasp_policy-rnn_opts:None,control,"{'scale': 1.0, 'wrist_cam_distance': 0.6}",2,False,0.2788953355191113,0.261991567943416,90,[]
13,13,Vision_Random,agent-policy:rnn_grasp_policy-cams:wrist+wrist_depth-policy:rnn_grasp_policy-rnn_opts:None,control,"{'scale': 1.0, 'wrist_cam_distance': 0.6}",3,False,0.1701188482688086,0.12641372744379,90,[]
14,14,Vision_Random,agent-policy:rnn_grasp_policy-cams:wrist+wrist_depth-policy:rnn_grasp_policy-rnn_opts:None,control,"{'scale': 1.0, 'wrist_cam_distance': 0.6}",4,False,0.1036348600811963,0.0881202927647736,90,[]
15,15,Vision_Random,agent-policy:rnn_grasp_policy-cams:wrist+wrist_depth-policy:rnn_grasp_policy-rnn_opts:None,control,"{'scale': 1.0, 'wrist_cam_distance': 0.6}",5,False,0.1932862468677157,0.1932862468677157,90,[]
16,16,Vision_Random,agent-policy:rnn_grasp_policy-cams:wrist+wrist_depth-policy:rnn_grasp_policy-rnn_opts:None,control,"{'scale': 1.0, 'wrist_cam_distance': 0.6}",6,False,0.0826410009333617,0.0826410009333617,90,[]
17,17,Vision_Random,agent-policy:rnn_grasp_policy-cams:wrist+wrist_depth-policy:rnn_grasp_policy-rnn_opts:None,control,"{'scale': 1.0, 'wrist_cam_distance': 0.6}",7,True,0.0888743757216044,0.0888743757216044,90,['outputs/run-grasp-with-agent/_May27_00-55']
18,18,Vision_Random,agent-policy:rnn_grasp_policy-cams:wrist+wrist_depth-policy:rnn_grasp_policy-rnn_opts:None,control,"{'scale': 1.0, 'wrist_cam_distance': 0.6}",8,True,0.0806094204035872,0.0806011175074744,90,['outputs/run-grasp-with-agent/_May27_00-55']
19,19,Vision_Random,agent-policy:rnn_grasp_policy-cams:wrist+wrist_depth-policy:rnn_grasp_policy-rnn_opts:None,control,"{'scale': 1.0, 'wrist_cam_distance': 0.6}",9,False,0.1825782124031573,0.1057318862227995,90,[]
20,20,Vision_Random,agent-policy:rnn_grasp_policy-cams:l_shoulder+r_shoulder-policy:rnn_grasp_policy-rnn_opts:None,control,"{'scale': 1.0, 'wrist_cam_distance': 0.6}",0,False,0.1014182349320581,0.0906043954627461,90,"['outputs/run-grasp-with-agent/_May27_00-55', 'outputs/run-grasp-with-agent/_May27_00-55', 'outputs/run-grasp-with-agent/_May27_00-55', 'outputs/run-grasp-with-agent/_May27_00-55', 'outputs/run-grasp-with-agent/_May27_00-55', 'outputs/run-grasp-with-agent/_May27_00-55', 'outputs/run-grasp-with-agent/_May27_00-55']"
21,21,Vision_Random,agent-policy:rnn_grasp_policy-cams:l_shoulder+r_shoulder-policy:rnn_grasp_policy-rnn_opts:None,control,"{'scale': 1.0, 'wrist_cam_distance': 0.6}",1,False,0.4525353451181754,0.3772183192670703,90,"['outputs/run-grasp-with-agent/_May27_00-55', 'outputs/run-grasp-with-agent/_May27_00-55', 'outputs/run-grasp-with-agent/_May27_00-55', 'outputs/run-grasp-with-agent/_May27_00-55', 'outputs/run-grasp-with-agent/_May27_00-55', 'outputs/run-grasp-with-agent/_May27_00-55', 'outputs/run-grasp-with-agent/_May27_00-55', 'outputs/run-grasp-with-agent/_May27_00-55', 'outputs/run-grasp-with-agent/_May27_00-55', 'outputs/run-grasp-with-agent/_May27_00-55', 'outputs/run-grasp-with-agent/_May27_00-55', 'outputs/run-grasp-with-agent/_May27_00-55', 'outputs/run-grasp-with-agent/_May27_00-55', 'outputs/run-grasp-with-agent/_May27_00-55', 'outputs/run-grasp-with-agent/_May27_00-55', 'outputs/run-grasp-with-agent/_May27_00-55', 'outputs/run-grasp-with-agent/_May27_00-55', 'outputs/run-grasp-with-agent/_May27_00-55', 'outputs/run-grasp-with-agent/_May27_00-55', 'outputs/run-grasp-with-agent/_May27_00-55', 'outputs/run-grasp-with-agent/_May27_00-55', 'outputs/run-grasp-with-agent/_May27_00-55', 'outputs/run-grasp-with-agent/_May27_00-55', 'outputs/run-grasp-with-agent/_May27_00-55', 'outputs/run-grasp-with-agent/_May27_00-55', 'outputs/run-grasp-with-agent/_May27_00-55', 'outputs/run-grasp-with-agent/_May27_00-55', 'outputs/run-grasp-with-agent/_May27_00-55', 'outputs/run-grasp-with-agent/_May27_00-55', 'outputs/run-grasp-with-agent/_May27_00-55', 'outputs/run-grasp-with-agent/_May27_00-55', 'outputs/run-grasp-with-agent/_May27_00-55', 'outputs/run-grasp-with-agent/_May27_00-55', 'outputs/run-grasp-with-agent/_May27_00-55', 'outputs/run-grasp-with-agent/_May27_00-55', 'outputs/run-grasp-with-agent/_May27_00-55', 'outputs/run-grasp-with-agent/_May27_00-55', 'outputs/run-grasp-with-agent/_May27_00-55', 'outputs/run-grasp-with-agent/_May27_00-55', 'outputs/run-grasp-with-agent/_May27_00-55', 'outputs/run-grasp-with-agent/_May27_00-55']"
22,22,Vision_Random,agent-policy:rnn_grasp_policy-cams:l_shoulder+r_shoulder-policy:rnn_grasp_policy-rnn_opts:None,control,"{'scale': 1.0, 'wrist_cam_distance': 0.6}",2,False,0.1431046242514641,0.1431046242514641,90,"['outputs/run-grasp-with-agent/_May27_00-55', 'outputs/run-grasp-with-agent/_May27_00-55', 'outputs/run-grasp-with-agent/_May27_00-55']"
23,23,Vision_Random,agent-policy:rnn_grasp_policy-cams:l_shoulder+r_shoulder-policy:rnn_grasp_policy-rnn_opts:None,control,"{'scale': 1.0, 'wrist_cam_distance': 0.6}",3,False,0.3308408684758221,0.185609972314495,90,"['outputs/run-grasp-with-agent/_May27_00-55', 'outputs/run-grasp-with-agent/_May27_00-55', 'outputs/run-grasp-with-agent/_May27_00-55', 'outputs/run-grasp-with-agent/_May27_00-55', 'outputs/run-grasp-with-agent/_May27_00-55', 'outputs/run-grasp-with-agent/_May27_00-55', 'outputs/run-grasp-with-agent/_May27_00-55', 'outputs/run-grasp-with-agent/_May27_00-55', 'outputs/run-grasp-with-agent/_May27_00-55', 'outputs/run-grasp-with-agent/_May27_00-55', 'outputs/run-grasp-with-agent/_May27_00-55', 'outputs/run-grasp-with-agent/_May27_00-55', 'outputs/run-grasp-with-agent/_May27_00-55', 'outputs/run-grasp-with-agent/_May27_00-55', 'outputs/run-grasp-with-agent/_May27_00-55', 'outputs/run-grasp-with-agent/_May27_00-55', 'outputs/run-grasp-with-agent/_May27_00-55', 'outputs/run-grasp-with-agent/_May27_00-55', 'outputs/run-grasp-with-agent/_May27_00-55', 'outputs/run-grasp-with-agent/_May27_00-55', 'outputs/run-grasp-with-agent/_May27_00-55', 'outputs/run-grasp-with-agent/_May27_00-55', 'outputs/run-grasp-with-agent/_May27_00-55', 'outputs/run-grasp-with-agent/_May27_00-55', 'outputs/run-grasp-with-agent/_May27_00-55', 'outputs/run-grasp-with-agent/_May27_00-55', 'outputs/run-grasp-with-agent/_May27_00-55', 'outputs/run-grasp-with-agent/_May27_00-55', 'outputs/run-grasp-with-agent/_May27_00-55', 'outputs/run-grasp-with-agent/_May27_00-55', 'outputs/run-grasp-with-agent/_May27_00-55']"
24,24,Vision_Random,agent-policy:rnn_grasp_policy-cams:l_shoulder+r_shoulder-policy:rnn_grasp_policy-rnn_opts:None,control,"{'scale': 1.0, 'wrist_cam_distance': 0.6}",4,False,0.3726819646539008,0.3726819646539008,90,"['outputs/run-grasp-with-agent/_May27_00-55', 'outputs/run-grasp-with-agent/_May27_00-55', 'outputs/run-grasp-with-agent/_May27_00-55', 'outputs/run-grasp-with-agent/_May27_00-55', 'outputs/run-grasp-with-agent/_May27_00-55', 'outputs/run-grasp-with-agent/_May27_00-55', 'outputs/run-grasp-with-agent/_May27_00-55', 'outputs/run-grasp-with-agent/_May27_00-55', 'outputs/run-grasp-with-agent/_May27_00-55', 'outputs/run-grasp-with-agent/_May27_00-55', 'outputs/run-grasp-with-agent/_May27_00-55', 'outputs/run-grasp-with-agent/_May27_00-55', 'outputs/run-grasp-with-agent/_May27_00-55', 'outputs/run-grasp-with-agent/_May27_00-55', 'outputs/run-grasp-with-agent/_May27_00-55', 'outputs/run-grasp-with-agent/_May27_00-55', 'outputs/run-grasp-with-agent/_May27_00-55', 'outputs/run-grasp-with-agent/_May27_00-55', 'outputs/run-grasp-with-agent/_May27_00-55', 'outputs/run-grasp-with-agent/_May27_00-55', 'outputs/run-grasp-with-agent/_May27_00-55', 'outputs/run-grasp-with-agent/_May27_00-55', 'outputs/run-grasp-with-agent/_May27_00-55', 'outputs/run-grasp-with-agent/_May27_00-55', 'outputs/run-grasp-with-agent/_May27_00-55', 'outputs/run-grasp-with-agent/_May27_00-55', 'outputs/run-grasp-with-agent/_May27_00-55', 'outputs/run-grasp-with-agent/_May27_00-55', 'outputs/run-grasp-with-agent/_May27_00-55', 'outputs/run-grasp-with-agent/_May27_00-55', 'outputs/run-grasp-with-agent/_May27_00-55', 'outputs/run-grasp-with-agent/_May27_00-55', 'outputs/run-grasp-with-agent/_May27_00-55', 'outputs/run-grasp-with-agent/_May27_00-55', 'outputs/run-grasp-with-agent/_May27_00-55', 'outputs/run-grasp-with-agent/_May27_00-55', 'outputs/run-grasp-with-agent/_May27_00-55', 'outputs/run-grasp-with-agent/_May27_00-55', 'outputs/run-grasp-with-agent/_May27_00-55', 'outputs/run-grasp-with-agent/_May27_00-55', 'outputs/run-grasp-with-agent/_May27_00-55', 'outputs/run-grasp-with-agent/_May27_00-55']"
25,25,Vision_Random,agent-policy:rnn_grasp_policy-cams:l_shoulder+r_shoulder-policy:rnn_grasp_policy-rnn_opts:None,control,"{'scale': 1.0, 'wrist_cam_distance': 0.6}",5,False,0.1203795476929421,0.1079946259045047,90,"['outputs/run-grasp-with-agent/_May27_00-55', 'outputs/run-grasp-with-agent/_May27_00-55', 'outputs/run-grasp-with-agent/_May27_00-55', 'outputs/run-grasp-with-agent/_May27_00-55', 'outputs/run-grasp-with-agent/_May27_00-55', 'outputs/run-grasp-with-agent/_May27_00-55', 'outputs/run-grasp-with-agent/_May27_00-55', 'outputs/run-grasp-with-agent/_May27_00-55', 'outputs/run-grasp-with-agent/_May27_00-55', 'outputs/run-grasp-with-agent/_May27_00-55', 'outputs/run-grasp-with-agent/_May27_00-55']"
26,26,Vision_Random,agent-policy:rnn_grasp_policy-cams:l_shoulder+r_shoulder-policy:rnn_grasp_policy-rnn_opts:None,control,"{'scale': 1.0, 'wrist_cam_distance': 0.6}",6,False,0.2618181124453995,0.187412546070959,90,"['outputs/run-grasp-with-agent/_May27_00-55', 'outputs/run-grasp-with-agent/_May27_00-55', 'outputs/run-grasp-with-agent/_May27_00-55', 'outputs/run-grasp-with-agent/_May27_00-55', 'outputs/run-grasp-with-agent/_May27_00-55', 'outputs/run-grasp-with-agent/_May27_00-55', 'outputs/run-grasp-with-agent/_May27_00-55', 'outputs/run-grasp-with-agent/_May27_00-55', 'outputs/run-grasp-with-agent/_May27_00-55', 'outputs/run-grasp-with-agent/_May27_00-55', 'outputs/run-grasp-with-agent/_May27_00-55', 'outputs/run-grasp-with-agent/_May27_00-55', 'outputs/run-grasp-with-agent/_May27_00-55', 'outputs/run-grasp-with-agent/_May27_00-55', 'outputs/run-grasp-with-agent/_May27_00-56', 'outputs/run-grasp-with-agent/_May27_00-56', 'outputs/run-grasp-with-agent/_May27_00-56', 'outputs/run-grasp-with-agent/_May27_00-56', 'outputs/run-grasp-with-agent/_May27_00-56', 'outputs/run-grasp-with-agent/_May27_00-56', 'outputs/run-grasp-with-agent/_May27_00-56', 'outputs/run-grasp-with-agent/_May27_00-56', 'outputs/run-grasp-with-agent/_May27_00-56', 'outputs/run-grasp-with-agent/_May27_00-56', 'outputs/run-grasp-with-agent/_May27_00-56']"
27,27,Vision_Random,agent-policy:rnn_grasp_policy-cams:l_shoulder+r_shoulder-policy:rnn_grasp_policy-rnn_opts:None,control,"{'scale': 1.0, 'wrist_cam_distance': 0.6}",7,False,0.203913267841031,0.1690924632094547,90,"['outputs/run-grasp-with-agent/_May27_00-56', 'outputs/run-grasp-with-agent/_May27_00-56', 'outputs/run-grasp-with-agent/_May27_00-56', 'outputs/run-grasp-with-agent/_May27_00-56', 'outputs/run-grasp-with-agent/_May27_00-56', 'outputs/run-grasp-with-agent/_May27_00-56', 'outputs/run-grasp-with-agent/_May27_00-56', 'outputs/run-grasp-with-agent/_May27_00-56', 'outputs/run-grasp-with-agent/_May27_00-56', 'outputs/run-grasp-with-agent/_May27_00-56', 'outputs/run-grasp-with-agent/_May27_00-56', 'outputs/run-grasp-with-agent/_May27_00-56', 'outputs/run-grasp-with-agent/_May27_00-56', 'outputs/run-grasp-with-agent/_May27_00-56', 'outputs/run-grasp-with-agent/_May27_00-56', 'outputs/run-grasp-with-agent/_May27_00-56', 'outputs/run-grasp-with-agent/_May27_00-56', 'outputs/run-grasp-with-agent/_May27_00-56', 'outputs/run-grasp-with-agent/_May27_00-56', 'outputs/run-grasp-with-agent/_May27_00-56', 'outputs/run-grasp-with-agent/_May27_00-56', 'outputs/run-grasp-with-agent/_May27_00-56', 'outputs/run-grasp-with-agent/_May27_00-56', 'outputs/run-grasp-with-agent/_May27_00-56']"
28,28,Vision_Random,agent-policy:rnn_grasp_policy-cams:l_shoulder+r_shoulder-policy:rnn_grasp_policy-rnn_opts:None,control,"{'scale': 1.0, 'wrist_cam_distance': 0.6}",8,False,0.2950606099524231,0.1801125245749865,90,"['outputs/run-grasp-with-agent/_May27_00-56', 'outputs/run-grasp-with-agent/_May27_00-56', 'outputs/run-grasp-with-agent/_May27_00-56', 'outputs/run-grasp-with-agent/_May27_00-56', 'outputs/run-grasp-with-agent/_May27_00-56', 'outputs/run-grasp-with-agent/_May27_00-56', 'outputs/run-grasp-with-agent/_May27_00-56', 'outputs/run-grasp-with-agent/_May27_00-56', 'outputs/run-grasp-with-agent/_May27_00-56', 'outputs/run-grasp-with-agent/_May27_00-56', 'outputs/run-grasp-with-agent/_May27_00-56', 'outputs/run-grasp-with-agent/_May27_00-56', 'outputs/run-grasp-with-agent/_May27_00-56', 'outputs/run-grasp-with-agent/_May27_00-56', 'outputs/run-grasp-with-agent/_May27_00-56', 'outputs/run-grasp-with-agent/_May27_00-56', 'outputs/run-grasp-with-agent/_May27_00-56', 'outputs/run-grasp-with-agent/_May27_00-56', 'outputs/run-grasp-with-agent/_May27_00-56', 'outputs/run-grasp-with-agent/_May27_00-56', 'outputs/run-grasp-with-agent/_May27_00-56', 'outputs/run-grasp-with-agent/_May27_00-56', 'outputs/run-grasp-with-agent/_May27_00-56', 'outputs/run-grasp-with-agent/_May27_00-56', 'outputs/run-grasp-with-agent/_May27_00-56', 'outputs/run-grasp-with-agent/_May27_00-56', 'outputs/run-grasp-with-agent/_May27_00-56', 'outputs/run-grasp-with-agent/_May27_00-56', 'outputs/run-grasp-with-agent/_May27_00-56', 'outputs/run-grasp-with-agent/_May27_00-56', 'outputs/run-grasp-with-agent/_May27_00-56', 'outputs/run-grasp-with-agent/_May27_00-56']"
29,29,Vision_Random,agent-policy:rnn_grasp_policy-cams:l_shoulder+r_shoulder-policy:rnn_grasp_policy-rnn_opts:None,control,"{'scale': 1.0, 'wrist_cam_distance': 0.6}",9,True,0.1204369837836216,0.1204369837836216,90,"['outputs/run-grasp-with-agent/_May27_00-56', 'outputs/run-grasp-with-agent/_May27_00-56', 'outputs/run-grasp-with-agent/_May27_00-56', 'outputs/run-grasp-with-agent/_May27_00-56', 'outputs/run-grasp-with-agent/_May27_00-56']"
30,30,Vision_Random,agent-policy:rnn_grasp_policy-cams:r_shoulder+wrist_depth-policy:rnn_grasp_policy-rnn_opts:None,control,"{'scale': 1.0, 'wrist_cam_distance': 0.6}",0,False,0.2722277501958501,0.1437597521016795,90,"['outputs/run-grasp-with-agent/_May27_00-56', 'outputs/run-grasp-with-agent/_May27_00-56', 'outputs/run-grasp-with-agent/_May27_00-56', 'outputs/run-grasp-with-agent/_May27_00-56', 'outputs/run-grasp-with-agent/_May27_00-56', 'outputs/run-grasp-with-agent/_May27_00-56', 'outputs/run-grasp-with-agent/_May27_00-56', 'outputs/run-grasp-with-agent/_May27_00-56', 'outputs/run-grasp-with-agent/_May27_00-56', 'outputs/run-grasp-with-agent/_May27_00-56', 'outputs/run-grasp-with-agent/_May27_00-56', 'outputs/run-grasp-with-agent/_May27_00-56', 'outputs/run-grasp-with-agent/_May27_00-56', 'outputs/run-grasp-with-agent/_May27_00-56', 'outputs/run-grasp-with-agent/_May27_00-56', 'outputs/run-grasp-with-agent/_May27_00-56', 'outputs/run-grasp-with-agent/_May27_00-56', 'outputs/run-grasp-with-agent/_May27_00-56', 'outputs/run-grasp-with-agent/_May27_00-56', 'outputs/run-grasp-with-agent/_May27_00-56', 'outputs/run-grasp-with-agent/_May27_00-56', 'outputs/run-grasp-with-agent/_May27_00-56', 'outputs/run-grasp-with-agent/_May27_00-56', 'outputs/run-grasp-with-agent/_May27_00-56', 'outputs/run-grasp-with-agent/_May27_00-56', 'outputs/run-grasp-with-agent/_May27_00-56', 'outputs/run-grasp-with-agent/_May27_00-56', 'outputs/run-grasp-with-agent/_May27_00-56']"
31,31,Vision_Random,agent-policy:rnn_grasp_policy-cams:r_shoulder+wrist_depth-policy:rnn_grasp_policy-rnn_opts:None,control,"{'scale': 1.0, 'wrist_cam_distance': 0.6}",1,False,0.2146098468374394,0.0910536354340911,90,[]
32,32,Vision_Random,agent-policy:rnn_grasp_policy-cams:r_shoulder+wrist_depth-policy:rnn_grasp_policy-rnn_opts:None,control,"{'scale': 1.0, 'wrist_cam_distance': 0.6}",2,False,0.4046383898355172,0.3288588960437243,90,[]
33,33,Vision_Random,agent-policy:rnn_grasp_policy-cams:r_shoulder+wrist_depth-policy:rnn_grasp_policy-rnn_opts:None,control,"{'scale': 1.0, 'wrist_cam_distance': 0.6}",3,False,0.2936840623073378,0.1183018704219995,90,[]
34,34,Vision_Random,agent-policy:rnn_grasp_policy-cams:r_shoulder+wrist_depth-policy:rnn_grasp_policy-rnn_opts:None,control,"{'scale': 1.0, 'wrist_cam_distance': 0.6}",4,False,0.250905478934554,0.1995777801657738,90,[]
35,35,Vision_Random,agent-policy:rnn_grasp_policy-cams:r_shoulder+wrist_depth-policy:rnn_grasp_policy-rnn_opts:None,control,"{'scale': 1.0, 'wrist_cam_distance': 0.6}",5,False,0.3728982426471382,0.3239497633838564,90,[]
36,36,Vision_Random,agent-policy:rnn_grasp_policy-cams:r_shoulder+wrist_depth-policy:rnn_grasp_policy-rnn_opts:None,control,"{'scale': 1.0, 'wrist_cam_distance': 0.6}",6,False,0.1999773371379084,0.0700216562181482,90,[]
37,37,Vision_Random,agent-policy:rnn_grasp_policy-cams:r_shoulder+wrist_depth-policy:rnn_grasp_policy-rnn_opts:None,control,"{'scale': 1.0, 'wrist_cam_distance': 0.6}",7,False,0.1597101569730818,0.0674586375539589,90,[]
38,38,Vision_Random,agent-policy:rnn_grasp_policy-cams:r_shoulder+wrist_depth-policy:rnn_grasp_policy-rnn_opts:None,control,"{'scale': 1.0, 'wrist_cam_distance': 0.6}",8,False,0.262931120626178,0.0993335831625196,90,"['outputs/run-grasp-with-agent/_May27_00-56', 'outputs/run-grasp-with-agent/_May27_00-56']"
39,39,Vision_Random,agent-policy:rnn_grasp_policy-cams:r_shoulder+wrist_depth-policy:rnn_grasp_policy-rnn_opts:None,control,"{'scale': 1.0, 'wrist_cam_distance': 0.6}",9,False,0.2943161793140248,0.1343392804367995,90,[]
40,40,Vision_Random,agent-policy:rnn_grasp_policy-cams:l_shoulder+r_shoulder+wrist_depth-policy:rnn_grasp_policy-rnn_opts:None,control,"{'scale': 1.0, 'wrist_cam_distance': 0.6}",0,False,0.1335733009110017,0.1284936550355374,90,"['outputs/run-grasp-with-agent/_May27_00-56', 'outputs/run-grasp-with-agent/_May27_00-56', 'outputs/run-grasp-with-agent/_May27_00-56', 'outputs/run-grasp-with-agent/_May27_00-56']"
41,41,Vision_Random,agent-policy:rnn_grasp_policy-cams:l_shoulder+r_shoulder+wrist_depth-policy:rnn_grasp_policy-rnn_opts:None,control,"{'scale': 1.0, 'wrist_cam_distance': 0.6}",1,False,0.1704144549306798,0.1645054902847129,90,[]
42,42,Vision_Random,agent-policy:rnn_grasp_policy-cams:l_shoulder+r_shoulder+wrist_depth-policy:rnn_grasp_policy-rnn_opts:None,control,"{'scale': 1.0, 'wrist_cam_distance': 0.6}",2,False,0.2884771494070256,0.2724022855135273,90,[]
43,43,Vision_Random,agent-policy:rnn_grasp_policy-cams:l_shoulder+r_shoulder+wrist_depth-policy:rnn_grasp_policy-rnn_opts:None,control,"{'scale': 1.0, 'wrist_cam_distance': 0.6}",3,False,0.1186957618150732,0.0711791727449334,90,"['outputs/run-grasp-with-agent/_May27_00-56', 'outputs/run-grasp-with-agent/_May27_00-56', 'outputs/run-grasp-with-agent/_May27_00-56', 'outputs/run-grasp-with-agent/_May27_00-56', 'outputs/run-grasp-with-agent/_May27_00-56', 'outputs/run-grasp-with-agent/_May27_00-56', 'outputs/run-grasp-with-agent/_May27_00-56', 'outputs/run-grasp-with-agent/_May27_00-56', 'outputs/run-grasp-with-agent/_May27_00-56', 'outputs/run-grasp-with-agent/_May27_00-56']"
44,44,Vision_Random,agent-policy:rnn_grasp_policy-cams:l_shoulder+r_shoulder+wrist_depth-policy:rnn_grasp_policy-rnn_opts:None,control,"{'scale': 1.0, 'wrist_cam_distance': 0.6}",4,False,0.2045259339674457,0.1858778234203089,90,[]
45,45,Vision_Random,agent-policy:rnn_grasp_policy-cams:l_shoulder+r_shoulder+wrist_depth-policy:rnn_grasp_policy-rnn_opts:None,control,"{'scale': 1.0, 'wrist_cam_distance': 0.6}",5,False,0.2800512496233393,0.2501691879383183,90,[]
46,46,Vision_Random,agent-policy:rnn_grasp_policy-cams:l_shoulder+r_shoulder+wrist_depth-policy:rnn_grasp_policy-rnn_opts:None,control,"{'scale': 1.0, 'wrist_cam_distance': 0.6}",6,False,0.1282941234531176,0.1267005012261272,90,[]
47,47,Vision_Random,agent-policy:rnn_grasp_policy-cams:l_shoulder+r_shoulder+wrist_depth-policy:rnn_grasp_policy-rnn_opts:None,control,"{'scale': 1.0, 'wrist_cam_distance': 0.6}",7,False,0.1357511151551433,0.1345777424233114,90,[]
48,48,Vision_Random,agent-policy:rnn_grasp_policy-cams:l_shoulder+r_shoulder+wrist_depth-policy:rnn_grasp_policy-rnn_opts:None,control,"{'scale': 1.0, 'wrist_cam_distance': 0.6}",8,False,0.0758905599370526,0.0725037318877876,90,[]
49,49,Vision_Random,agent-policy:rnn_grasp_policy-cams:l_shoulder+r_shoulder+wrist_depth-policy:rnn_grasp_policy-rnn_opts:None,control,"{'scale': 1.0, 'wrist_cam_distance': 0.6}",9,False,0.096325470970464,0.0691539704080675,90,[]
50,0,Vision_Random,agent-policy:rnn_grasp_policy-cams:wrist-policy:rnn_grasp_policy-rnn_opts:None,random,"{'scale': 1.0, 'wrist_cam_distance': 0.6}",0,False,0.1820288889598377,0.129131300927926,79,[]
51,1,Vision_Random,agent-policy:rnn_grasp_policy-cams:wrist-policy:rnn_grasp_policy-rnn_opts:None,random,"{'scale': 1.0, 'wrist_cam_distance': 0.6}",1,False,0.1718829696456495,0.1344860830757298,79,[]
52,2,Vision_Random,agent-policy:rnn_grasp_policy-cams:wrist-policy:rnn_grasp_policy-rnn_opts:None,random,"{'scale': 1.0, 'wrist_cam_distance': 0.6}",2,False,0.4513920142043351,0.369105022181833,79,[]
53,3,Vision_Random,agent-policy:rnn_grasp_policy-cams:wrist-policy:rnn_grasp_policy-rnn_opts:None,random,"{'scale': 1.0, 'wrist_cam_distance': 0.6}",3,False,0.1582985272052003,0.1295029513222839,79,[]
54,4,Vision_Random,agent-policy:rnn_grasp_policy-cams:wrist-policy:rnn_grasp_policy-rnn_opts:None,random,"{'scale': 1.0, 'wrist_cam_distance': 0.6}",4,False,0.173894765968302,0.1349030380126357,79,[]
55,5,Vision_Random,agent-policy:rnn_grasp_policy-cams:wrist-policy:rnn_grasp_policy-rnn_opts:None,random,"{'scale': 1.0, 'wrist_cam_distance': 0.6}",5,False,0.4096658879051513,0.3154146272050191,79,[]
56,6,Vision_Random,agent-policy:rnn_grasp_policy-cams:wrist-policy:rnn_grasp_policy-rnn_opts:None,random,"{'scale': 1.0, 'wrist_cam_distance': 0.6}",6,False,0.1493511280782114,0.1285010201142455,79,[]
57,7,Vision_Random,agent-policy:rnn_grasp_policy-cams:wrist-policy:rnn_grasp_policy-rnn_opts:None,random,"{'scale': 1.0, 'wrist_cam_distance': 0.6}",7,False,0.1580317655680555,0.1351044444639223,79,[]
58,8,Vision_Random,agent-policy:rnn_grasp_policy-cams:wrist-policy:rnn_grasp_policy-rnn_opts:None,random,"{'scale': 1.0, 'wrist_cam_distance': 0.6}",8,False,0.2212630128883007,0.1913425295195674,79,[]
59,9,Vision_Random,agent-policy:rnn_grasp_policy-cams:wrist-policy:rnn_grasp_policy-rnn_opts:None,random,"{'scale': 1.0, 'wrist_cam_distance': 0.6}",9,False,0.2030104911998214,0.1289588827169054,79,[]
60,10,Vision_Random,agent-policy:rnn_grasp_policy-cams:wrist+wrist_depth-policy:rnn_grasp_policy-rnn_opts:None,random,"{'scale': 1.0, 'wrist_cam_distance': 0.6}",0,False,0.0802305629517823,0.0757155895382896,79,[]
61,11,Vision_Random,agent-policy:rnn_grasp_policy-cams:wrist+wrist_depth-policy:rnn_grasp_policy-rnn_opts:None,random,"{'scale': 1.0, 'wrist_cam_distance': 0.6}",1,False,0.0877194132274169,0.0675473490189359,79,[]
62,12,Vision_Random,agent-policy:rnn_grasp_policy-cams:wrist+wrist_depth-policy:rnn_grasp_policy-rnn_opts:None,random,"{'scale': 1.0, 'wrist_cam_distance': 0.6}",2,False,0.318743975699428,0.2792572442457859,79,[]
63,13,Vision_Random,agent-policy:rnn_grasp_policy-cams:wrist+wrist_depth-policy:rnn_grasp_policy-rnn_opts:None,random,"{'scale': 1.0, 'wrist_cam_distance': 0.6}",3,False,0.1010434767638542,0.0900813532947146,79,[]
64,14,Vision_Random,agent-policy:rnn_grasp_policy-cams:wrist+wrist_depth-policy:rnn_grasp_policy-rnn_opts:None,random,"{'scale': 1.0, 'wrist_cam_distance': 0.6}",4,False,0.1079933994869215,0.0945013056123605,79,[]
65,15,Vision_Random,agent-policy:rnn_grasp_policy-cams:wrist+wrist_depth-policy:rnn_grasp_policy-rnn_opts:None,random,"{'scale': 1.0, 'wrist_cam_distance': 0.6}",5,False,0.2676013057097777,0.224926339175395,79,[]
66,16,Vision_Random,agent-policy:rnn_grasp_policy-cams:wrist+wrist_depth-policy:rnn_grasp_policy-rnn_opts:None,random,"{'scale': 1.0, 'wrist_cam_distance': 0.6}",6,False,0.0954773743250518,0.0803675197934147,79,[]
67,17,Vision_Random,agent-policy:rnn_grasp_policy-cams:wrist+wrist_depth-policy:rnn_grasp_policy-rnn_opts:None,random,"{'scale': 1.0, 'wrist_cam_distance': 0.6}",7,False,0.0756051927524341,0.0727875855227174,79,[]
68,18,Vision_Random,agent-policy:rnn_grasp_policy-cams:wrist+wrist_depth-policy:rnn_grasp_policy-rnn_opts:None,random,"{'scale': 1.0, 'wrist_cam_distance': 0.6}",8,False,0.1272481794017103,0.1082483627455381,79,[]
69,19,Vision_Random,agent-policy:rnn_grasp_policy-cams:wrist+wrist_depth-policy:rnn_grasp_policy-rnn_opts:None,random,"{'scale': 1.0, 'wrist_cam_distance': 0.6}",9,False,0.0872493796706462,0.0734308676299891,79,[]
70,20,Vision_Random,agent-policy:rnn_grasp_policy-cams:l_shoulder+r_shoulder-policy:rnn_grasp_policy-rnn_opts:None,random,"{'scale': 1.0, 'wrist_cam_distance': 0.6}",0,False,0.2063509610403608,0.1594472767385233,79,"['outputs/run-grasp-with-agent/_May27_00-57', 'outputs/run-grasp-with-agent/_May27_00-57', 'outputs/run-grasp-with-agent/_May27_00-57', 'outputs/run-grasp-with-agent/_May27_00-57', 'outputs/run-grasp-with-agent/_May27_00-57', 'outputs/run-grasp-with-agent/_May27_00-57', 'outputs/run-grasp-with-agent/_May27_00-57', 'outputs/run-grasp-with-agent/_May27_00-57', 'outputs/run-grasp-with-agent/_May27_00-57', 'outputs/run-grasp-with-agent/_May27_00-57', 'outputs/run-grasp-with-agent/_May27_00-57', 'outputs/run-grasp-with-agent/_May27_00-57', 'outputs/run-grasp-with-agent/_May27_00-57', 'outputs/run-grasp-with-agent/_May27_00-57', 'outputs/run-grasp-with-agent/_May27_00-57', 'outputs/run-grasp-with-agent/_May27_00-57', 'outputs/run-grasp-with-agent/_May27_00-57', 'outputs/run-grasp-with-agent/_May27_00-57', 'outputs/run-grasp-with-agent/_May27_00-57', 'outputs/run-grasp-with-agent/_May27_00-57', 'outputs/run-grasp-with-agent/_May27_00-57', 'outputs/run-grasp-with-agent/_May27_00-57']"
71,21,Vision_Random,agent-policy:rnn_grasp_policy-cams:l_shoulder+r_shoulder-policy:rnn_grasp_policy-rnn_opts:None,random,"{'scale': 1.0, 'wrist_cam_distance': 0.6}",1,False,0.2014667826717027,0.1440675944682781,79,"['outputs/run-grasp-with-agent/_May27_00-57', 'outputs/run-grasp-with-agent/_May27_00-57', 'outputs/run-grasp-with-agent/_May27_00-57', 'outputs/run-grasp-with-agent/_May27_00-57', 'outputs/run-grasp-with-agent/_May27_00-57', 'outputs/run-grasp-with-agent/_May27_00-57', 'outputs/run-grasp-with-agent/_May27_00-57', 'outputs/run-grasp-with-agent/_May27_00-57', 'outputs/run-grasp-with-agent/_May27_00-57', 'outputs/run-grasp-with-agent/_May27_00-57', 'outputs/run-grasp-with-agent/_May27_00-57', 'outputs/run-grasp-with-agent/_May27_00-57', 'outputs/run-grasp-with-agent/_May27_00-57', 'outputs/run-grasp-with-agent/_May27_00-57', 'outputs/run-grasp-with-agent/_May27_00-57', 'outputs/run-grasp-with-agent/_May27_00-57', 'outputs/run-grasp-with-agent/_May27_00-57', 'outputs/run-grasp-with-agent/_May27_00-57', 'outputs/run-grasp-with-agent/_May27_00-57', 'outputs/run-grasp-with-agent/_May27_00-57']"
72,22,Vision_Random,agent-policy:rnn_grasp_policy-cams:l_shoulder+r_shoulder-policy:rnn_grasp_policy-rnn_opts:None,random,"{'scale': 1.0, 'wrist_cam_distance': 0.6}",2,False,0.8427415923921842,0.7728508615734709,79,"['outputs/run-grasp-with-agent/_May27_00-57', 'outputs/run-grasp-with-agent/_May27_00-57', 'outputs/run-grasp-with-agent/_May27_00-57', 'outputs/run-grasp-with-agent/_May27_00-57', 'outputs/run-grasp-with-agent/_May27_00-57', 'outputs/run-grasp-with-agent/_May27_00-57', 'outputs/run-grasp-with-agent/_May27_00-57', 'outputs/run-grasp-with-agent/_May27_00-57', 'outputs/run-grasp-with-agent/_May27_00-57', 'outputs/run-grasp-with-agent/_May27_00-57', 'outputs/run-grasp-with-agent/_May27_00-57', 'outputs/run-grasp-with-agent/_May27_00-57', 'outputs/run-grasp-with-agent/_May27_00-57', 'outputs/run-grasp-with-agent/_May27_00-57', 'outputs/run-grasp-with-agent/_May27_00-57', 'outputs/run-grasp-with-agent/_May27_00-57', 'outputs/run-grasp-with-agent/_May27_00-57', 'outputs/run-grasp-with-agent/_May27_00-57', 'outputs/run-grasp-with-agent/_May27_00-57', 'outputs/run-grasp-with-agent/_May27_00-57', 'outputs/run-grasp-with-agent/_May27_00-57', 'outputs/run-grasp-with-agent/_May27_00-57', 'outputs/run-grasp-with-agent/_May27_00-57', 'outputs/run-grasp-with-agent/_May27_00-57', 'outputs/run-grasp-with-agent/_May27_00-57', 'outputs/run-grasp-with-agent/_May27_00-57', 'outputs/run-grasp-with-agent/_May27_00-57', 'outputs/run-grasp-with-agent/_May27_00-57', 'outputs/run-grasp-with-agent/_May27_00-57', 'outputs/run-grasp-with-agent/_May27_00-57', 'outputs/run-grasp-with-agent/_May27_00-57', 'outputs/run-grasp-with-agent/_May27_00-57', 'outputs/run-grasp-with-agent/_May27_00-57', 'outputs/run-grasp-with-agent/_May27_00-57', 'outputs/run-grasp-with-agent/_May27_00-57', 'outputs/run-grasp-with-agent/_May27_00-57', 'outputs/run-grasp-with-agent/_May27_00-57', 'outputs/run-grasp-with-agent/_May27_00-57', 'outputs/run-grasp-with-agent/_May27_00-57', 'outputs/run-grasp-with-agent/_May27_00-57', 'outputs/run-grasp-with-agent/_May27_00-57', 'outputs/run-grasp-with-agent/_May27_00-57', 'outputs/run-grasp-with-agent/_May27_00-57', 'outputs/run-grasp-with-agent/_May27_00-57', 'outputs/run-grasp-with-agent/_May27_00-57', 'outputs/run-grasp-with-agent/_May27_00-57', 'outputs/run-grasp-with-agent/_May27_00-57', 'outputs/run-grasp-with-agent/_May27_00-57', 'outputs/run-grasp-with-agent/_May27_00-57', 'outputs/run-grasp-with-agent/_May27_00-57', 'outputs/run-grasp-with-agent/_May27_00-57', 'outputs/run-grasp-with-agent/_May27_00-57', 'outputs/run-grasp-with-agent/_May27_00-57', 'outputs/run-grasp-with-agent/_May27_00-57', 'outputs/run-grasp-with-agent/_May27_00-57', 'outputs/run-grasp-with-agent/_May27_00-57', 'outputs/run-grasp-with-agent/_May27_00-57', 'outputs/run-grasp-with-agent/_May27_00-57', 'outputs/run-grasp-with-agent/_May27_00-57', 'outputs/run-grasp-with-agent/_May27_00-57', 'outputs/run-grasp-with-agent/_May27_00-57', 'outputs/run-grasp-with-agent/_May27_00-57', 'outputs/run-grasp-with-agent/_May27_00-57', 'outputs/run-grasp-with-agent/_May27_00-57', 'outputs/run-grasp-with-agent/_May27_00-57']"
73,23,Vision_Random,agent-policy:rnn_grasp_policy-cams:l_shoulder+r_shoulder-policy:rnn_grasp_policy-rnn_opts:None,random,"{'scale': 1.0, 'wrist_cam_distance': 0.6}",3,False,0.1287785384934679,0.0895834319519131,79,"['outputs/run-grasp-with-agent/_May27_00-57', 'outputs/run-grasp-with-agent/_May27_00-57', 'outputs/run-grasp-with-agent/_May27_00-57', 'outputs/run-grasp-with-agent/_May27_00-57', 'outputs/run-grasp-with-agent/_May27_00-57', 'outputs/run-grasp-with-agent/_May27_00-57', 'outputs/run-grasp-with-agent/_May27_00-57', 'outputs/run-grasp-with-agent/_May27_00-57', 'outputs/run-grasp-with-agent/_May27_00-57', 'outputs/run-grasp-with-agent/_May27_00-57', 'outputs/run-grasp-with-agent/_May27_00-57', 'outputs/run-grasp-with-agent/_May27_00-57', 'outputs/run-grasp-with-agent/_May27_00-57', 'outputs/run-grasp-with-agent/_May27_00-57', 'outputs/run-grasp-with-agent/_May27_00-57', 'outputs/run-grasp-with-agent/_May27_00-57', 'outputs/run-grasp-with-agent/_May27_00-57']"
74,24,Vision_Random,agent-policy:rnn_grasp_policy-cams:l_shoulder+r_shoulder-policy:rnn_grasp_policy-rnn_opts:None,random,"{'scale': 1.0, 'wrist_cam_distance': 0.6}",4,False,0.1019992509403993,0.0840396122794964,79,"['outputs/run-grasp-with-agent/_May27_00-57', 'outputs/run-grasp-with-agent/_May27_00-57', 'outputs/run-grasp-with-agent/_May27_00-57', 'outputs/run-grasp-with-agent/_May27_00-57', 'outputs/run-grasp-with-agent/_May27_00-57', 'outputs/run-grasp-with-agent/_May27_00-57', 'outputs/run-grasp-with-agent/_May27_00-57', 'outputs/run-grasp-with-agent/_May27_00-57', 'outputs/run-grasp-with-agent/_May27_00-57', 'outputs/run-grasp-with-agent/_May27_00-57', 'outputs/run-grasp-with-agent/_May27_00-57', 'outputs/run-grasp-with-agent/_May27_00-57', 'outputs/run-grasp-with-agent/_May27_00-57', 'outputs/run-grasp-with-agent/_May27_00-57']"
75,25,Vision_Random,agent-policy:rnn_grasp_policy-cams:l_shoulder+r_shoulder-policy:rnn_grasp_policy-rnn_opts:None,random,"{'scale': 1.0, 'wrist_cam_distance': 0.6}",5,False,0.1902372003727255,0.1765099593616898,79,"['outputs/run-grasp-with-agent/_May27_00-57', 'outputs/run-grasp-with-agent/_May27_00-57', 'outputs/run-grasp-with-agent/_May27_00-57', 'outputs/run-grasp-with-agent/_May27_00-57', 'outputs/run-grasp-with-agent/_May27_00-57', 'outputs/run-grasp-with-agent/_May27_00-58', 'outputs/run-grasp-with-agent/_May27_00-58', 'outputs/run-grasp-with-agent/_May27_00-58', 'outputs/run-grasp-with-agent/_May27_00-58', 'outputs/run-grasp-with-agent/_May27_00-58', 'outputs/run-grasp-with-agent/_May27_00-58', 'outputs/run-grasp-with-agent/_May27_00-58', 'outputs/run-grasp-with-agent/_May27_00-58', 'outputs/run-grasp-with-agent/_May27_00-58', 'outputs/run-grasp-with-agent/_May27_00-58', 'outputs/run-grasp-with-agent/_May27_00-58']"
76,26,Vision_Random,agent-policy:rnn_grasp_policy-cams:l_shoulder+r_shoulder-policy:rnn_grasp_policy-rnn_opts:None,random,"{'scale': 1.0, 'wrist_cam_distance': 0.6}",6,False,0.1842212866031669,0.1446446452386781,79,"['outputs/run-grasp-with-agent/_May27_00-58', 'outputs/run-grasp-with-agent/_May27_00-58', 'outputs/run-grasp-with-agent/_May27_00-58', 'outputs/run-grasp-with-agent/_May27_00-58', 'outputs/run-grasp-with-agent/_May27_00-58', 'outputs/run-grasp-with-agent/_May27_00-58', 'outputs/run-grasp-with-agent/_May27_00-58', 'outputs/run-grasp-with-agent/_May27_00-58', 'outputs/run-grasp-with-agent/_May27_00-58', 'outputs/run-grasp-with-agent/_May27_00-58', 'outputs/run-grasp-with-agent/_May27_00-58', 'outputs/run-grasp-with-agent/_May27_00-58', 'outputs/run-grasp-with-agent/_May27_00-58', 'outputs/run-grasp-with-agent/_May27_00-58', 'outputs/run-grasp-with-agent/_May27_00-58', 'outputs/run-grasp-with-agent/_May27_00-58', 'outputs/run-grasp-with-agent/_May27_00-58', 'outputs/run-grasp-with-agent/_May27_00-58']"
77,27,Vision_Random,agent-policy:rnn_grasp_policy-cams:l_shoulder+r_shoulder-policy:rnn_grasp_policy-rnn_opts:None,random,"{'scale': 1.0, 'wrist_cam_distance': 0.6}",7,False,0.1992980302732622,0.1753373162209784,79,"['outputs/run-grasp-with-agent/_May27_00-58', 'outputs/run-grasp-with-agent/_May27_00-58', 'outputs/run-grasp-with-agent/_May27_00-58', 'outputs/run-grasp-with-agent/_May27_00-58', 'outputs/run-grasp-with-agent/_May27_00-58', 'outputs/run-grasp-with-agent/_May27_00-58', 'outputs/run-grasp-with-agent/_May27_00-58', 'outputs/run-grasp-with-agent/_May27_00-58', 'outputs/run-grasp-with-agent/_May27_00-58', 'outputs/run-grasp-with-agent/_May27_00-58', 'outputs/run-grasp-with-agent/_May27_00-58', 'outputs/run-grasp-with-agent/_May27_00-58', 'outputs/run-grasp-with-agent/_May27_00-58', 'outputs/run-grasp-with-agent/_May27_00-58', 'outputs/run-grasp-with-agent/_May27_00-58', 'outputs/run-grasp-with-agent/_May27_00-58', 'outputs/run-grasp-with-agent/_May27_00-58', 'outputs/run-grasp-with-agent/_May27_00-58', 'outputs/run-grasp-with-agent/_May27_00-58', 'outputs/run-grasp-with-agent/_May27_00-58']"
78,28,Vision_Random,agent-policy:rnn_grasp_policy-cams:l_shoulder+r_shoulder-policy:rnn_grasp_policy-rnn_opts:None,random,"{'scale': 1.0, 'wrist_cam_distance': 0.6}",8,False,0.2141443139682029,0.1749405678960398,79,"['outputs/run-grasp-with-agent/_May27_00-58', 'outputs/run-grasp-with-agent/_May27_00-58', 'outputs/run-grasp-with-agent/_May27_00-58', 'outputs/run-grasp-with-agent/_May27_00-58', 'outputs/run-grasp-with-agent/_May27_00-58', 'outputs/run-grasp-with-agent/_May27_00-58', 'outputs/run-grasp-with-agent/_May27_00-58', 'outputs/run-grasp-with-agent/_May27_00-58', 'outputs/run-grasp-with-agent/_May27_00-58', 'outputs/run-grasp-with-agent/_May27_00-58', 'outputs/run-grasp-with-agent/_May27_00-58', 'outputs/run-grasp-with-agent/_May27_00-58', 'outputs/run-grasp-with-agent/_May27_00-58', 'outputs/run-grasp-with-agent/_May27_00-58', 'outputs/run-grasp-with-agent/_May27_00-58', 'outputs/run-grasp-with-agent/_May27_00-58', 'outputs/run-grasp-with-agent/_May27_00-58', 'outputs/run-grasp-with-agent/_May27_00-58', 'outputs/run-grasp-with-agent/_May27_00-58']"
79,29,Vision_Random,agent-policy:rnn_grasp_policy-cams:l_shoulder+r_shoulder-policy:rnn_grasp_policy-rnn_opts:None,random,"{'scale': 1.0, 'wrist_cam_distance': 0.6}",9,False,0.2236570139411937,0.1799199324129637,79,"['outputs/run-grasp-with-agent/_May27_00-58', 'outputs/run-grasp-with-agent/_May27_00-58', 'outputs/run-grasp-with-agent/_May27_00-58', 'outputs/run-grasp-with-agent/_May27_00-58', 'outputs/run-grasp-with-agent/_May27_00-58', 'outputs/run-grasp-with-agent/_May27_00-58', 'outputs/run-grasp-with-agent/_May27_00-58', 'outputs/run-grasp-with-agent/_May27_00-58', 'outputs/run-grasp-with-agent/_May27_00-58', 'outputs/run-grasp-with-agent/_May27_00-58', 'outputs/run-grasp-with-agent/_May27_00-58', 'outputs/run-grasp-with-agent/_May27_00-58', 'outputs/run-grasp-with-agent/_May27_00-58', 'outputs/run-grasp-with-agent/_May27_00-58', 'outputs/run-grasp-with-agent/_May27_00-58', 'outputs/run-grasp-with-agent/_May27_00-58', 'outputs/run-grasp-with-agent/_May27_00-58', 'outputs/run-grasp-with-agent/_May27_00-58', 'outputs/run-grasp-with-agent/_May27_00-58', 'outputs/run-grasp-with-agent/_May27_00-58']"
80,30,Vision_Random,agent-policy:rnn_grasp_policy-cams:r_shoulder+wrist_depth-policy:rnn_grasp_policy-rnn_opts:None,random,"{'scale': 1.0, 'wrist_cam_distance': 0.6}",0,False,0.2568208061613711,0.1517746445868545,79,[]
81,31,Vision_Random,agent-policy:rnn_grasp_policy-cams:r_shoulder+wrist_depth-policy:rnn_grasp_policy-rnn_opts:None,random,"{'scale': 1.0, 'wrist_cam_distance': 0.6}",1,False,0.1432283378744936,0.0676542314777871,79,[]
82,32,Vision_Random,agent-policy:rnn_grasp_policy-cams:r_shoulder+wrist_depth-policy:rnn_grasp_policy-rnn_opts:None,random,"{'scale': 1.0, 'wrist_cam_distance': 0.6}",2,False,0.3434440438951729,0.2542377487022485,79,[]
83,33,Vision_Random,agent-policy:rnn_grasp_policy-cams:r_shoulder+wrist_depth-policy:rnn_grasp_policy-rnn_opts:None,random,"{'scale': 1.0, 'wrist_cam_distance': 0.6}",3,False,0.2494827755872213,0.154140239854482,79,[]
84,34,Vision_Random,agent-policy:rnn_grasp_policy-cams:r_shoulder+wrist_depth-policy:rnn_grasp_policy-rnn_opts:None,random,"{'scale': 1.0, 'wrist_cam_distance': 0.6}",4,False,0.2659849345391812,0.1821631648112264,79,[]
85,35,Vision_Random,agent-policy:rnn_grasp_policy-cams:r_shoulder+wrist_depth-policy:rnn_grasp_policy-rnn_opts:None,random,"{'scale': 1.0, 'wrist_cam_distance': 0.6}",5,False,0.2345079150336728,0.2065670109788019,79,[]
86,36,Vision_Random,agent-policy:rnn_grasp_policy-cams:r_shoulder+wrist_depth-policy:rnn_grasp_policy-rnn_opts:None,random,"{'scale': 1.0, 'wrist_cam_distance': 0.6}",6,False,0.265553463143991,0.1371675494400973,79,[]
87,37,Vision_Random,agent-policy:rnn_grasp_policy-cams:r_shoulder+wrist_depth-policy:rnn_grasp_policy-rnn_opts:None,random,"{'scale': 1.0, 'wrist_cam_distance': 0.6}",7,False,0.254313459153225,0.183582940017094,79,[]
88,38,Vision_Random,agent-policy:rnn_grasp_policy-cams:r_shoulder+wrist_depth-policy:rnn_grasp_policy-rnn_opts:None,random,"{'scale': 1.0, 'wrist_cam_distance': 0.6}",8,False,0.2399149409873503,0.1169932304454872,79,[]
89,39,Vision_Random,agent-policy:rnn_grasp_policy-cams:r_shoulder+wrist_depth-policy:rnn_grasp_policy-rnn_opts:None,random,"{'scale': 1.0, 'wrist_cam_distance': 0.6}",9,False,0.1378590457933269,0.0807824558025878,79,[]
90,40,Vision_Random,agent-policy:rnn_grasp_policy-cams:l_shoulder+r_shoulder+wrist_depth-policy:rnn_grasp_policy-rnn_opts:None,random,"{'scale': 1.0, 'wrist_cam_distance': 0.6}",0,False,0.1338400723840211,0.0941914515475397,79,[]
91,41,Vision_Random,agent-policy:rnn_grasp_policy-cams:l_shoulder+r_shoulder+wrist_depth-policy:rnn_grasp_policy-rnn_opts:None,random,"{'scale': 1.0, 'wrist_cam_distance': 0.6}",1,False,0.1123016366446581,0.0966349418434797,79,[]
92,42,Vision_Random,agent-policy:rnn_grasp_policy-cams:l_shoulder+r_shoulder+wrist_depth-policy:rnn_grasp_policy-rnn_opts:None,random,"{'scale': 1.0, 'wrist_cam_distance': 0.6}",2,False,0.1849797084967792,0.1849705192417933,79,[]
93,43,Vision_Random,agent-policy:rnn_grasp_policy-cams:l_shoulder+r_shoulder+wrist_depth-policy:rnn_grasp_policy-rnn_opts:None,random,"{'scale': 1.0, 'wrist_cam_distance': 0.6}",3,False,0.1434912136627955,0.0987741334799362,79,[]
94,44,Vision_Random,agent-policy:rnn_grasp_policy-cams:l_shoulder+r_shoulder+wrist_depth-policy:rnn_grasp_policy-rnn_opts:None,random,"{'scale': 1.0, 'wrist_cam_distance': 0.6}",4,False,0.1557974705783408,0.1105362230577985,79,[]
95,45,Vision_Random,agent-policy:rnn_grasp_policy-cams:l_shoulder+r_shoulder+wrist_depth-policy:rnn_grasp_policy-rnn_opts:None,random,"{'scale': 1.0, 'wrist_cam_distance': 0.6}",5,False,0.1487344512207826,0.1486011614923993,79,[]
96,46,Vision_Random,agent-policy:rnn_grasp_policy-cams:l_shoulder+r_shoulder+wrist_depth-policy:rnn_grasp_policy-rnn_opts:None,random,"{'scale': 1.0, 'wrist_cam_distance': 0.6}",6,False,0.089791607384867,0.0731101915312585,79,[]
97,47,Vision_Random,agent-policy:rnn_grasp_policy-cams:l_shoulder+r_shoulder+wrist_depth-policy:rnn_grasp_policy-rnn_opts:None,random,"{'scale': 1.0, 'wrist_cam_distance': 0.6}",7,False,0.1537994637484651,0.1285445927017761,79,[]
98,48,Vision_Random,agent-policy:rnn_grasp_policy-cams:l_shoulder+r_shoulder+wrist_depth-policy:rnn_grasp_policy-rnn_opts:None,random,"{'scale': 1.0, 'wrist_cam_distance': 0.6}",8,False,0.228924702481988,0.2038864274004841,79,[]
99,49,Vision_Random,agent-policy:rnn_grasp_policy-cams:l_shoulder+r_shoulder+wrist_depth-policy:rnn_grasp_policy-rnn_opts:None,random,"{'scale': 1.0, 'wrist_cam_distance': 0.6}",9,False,0.1016683455899641,0.1016488622216666,79,[]
