,rep,config,error,task_name,demo_idx,cam_type,epochs,is_control_done,is_test_done,control_final_distance,control_min_distance,test_final_distance,test_min_distance,control_gripper_image_paths,test_gripper_image_paths
0,3,FuseConfig.DEPTH_FEATS_ATTN,True,Vision_Random,,wrist,100,,,,,,,,
1,3,FuseConfig.DEPTH_FEATS_ATTN,True,Vision_Random,,wrist,100,,,,,,,,
2,3,FuseConfig.DEPTH_FEATS_ATTN,True,Vision_Random,,wrist,100,,,,,,,,
3,3,FuseConfig.DEPTH_FEATS_ATTN,True,Vision_Random,,wrist,100,,,,,,,,
4,3,FuseConfig.DEPTH_FEATS_ATTN,True,Vision_Random,,wrist,100,,,,,,,,
5,3,FuseConfig.DEPTH_FEATS_ATTN,True,Vision_Random,,wrist,100,,,,,,,,
6,3,FuseConfig.DEPTH_FEATS_ATTN,True,Vision_Random,,wrist,100,,,,,,,,
7,3,FuseConfig.DEPTH_FEATS_ATTN,True,Vision_Random,,wrist,100,,,,,,,,
8,3,FuseConfig.DEPTH_FEATS_ATTN,True,Vision_Random,,wrist,100,,,,,,,,
9,3,FuseConfig.DEPTH_FEATS_ATTN,True,Vision_Random,,wrist,100,,,,,,,,
10,3,FuseConfig.DEPTH_FEATS_ATTN,False,Vision_Random,0,wrist+wrist_depth,100,False,False,0.15063613979710022,0.14860338218445168,0.07888023562617798,0.051086794806907775,[],[]
11,3,FuseConfig.DEPTH_FEATS_ATTN,False,Vision_Random,1,wrist+wrist_depth,100,False,False,0.1580143850883733,0.1580143850883733,0.1945947490710399,0.12705000367256514,[],[]
12,3,FuseConfig.DEPTH_FEATS_ATTN,False,Vision_Random,2,wrist+wrist_depth,100,False,False,0.28753882869069186,0.24636200952112577,0.060419005922257574,0.060419005922257574,[],[]
13,3,FuseConfig.DEPTH_FEATS_ATTN,False,Vision_Random,3,wrist+wrist_depth,100,False,False,0.15114695891612925,0.14708153909062519,0.29311367173602626,0.20371839680198964,[],[]
14,3,FuseConfig.DEPTH_FEATS_ATTN,False,Vision_Random,4,wrist+wrist_depth,100,False,False,0.39253889131360586,0.27055412284107827,0.31385444398101586,0.21091185824362366,[],[]
15,3,FuseConfig.DEPTH_FEATS_ATTN,False,Vision_Random,5,wrist+wrist_depth,100,False,False,0.32348883410501694,0.12825667074671226,0.2340780861867338,0.1370630971189386,[],[]
16,3,FuseConfig.DEPTH_FEATS_ATTN,False,Vision_Random,6,wrist+wrist_depth,100,False,False,0.14887719674333322,0.14837409208175173,0.31813775724677534,0.20465998289257492,[],[]
17,3,FuseConfig.DEPTH_FEATS_ATTN,False,Vision_Random,7,wrist+wrist_depth,100,False,False,0.47464533648463036,0.42562950954435214,0.0681916789816864,0.0640461202811679,[],[]
18,3,FuseConfig.DEPTH_FEATS_ATTN,False,Vision_Random,8,wrist+wrist_depth,100,False,False,0.36180468434704766,0.34030834069796434,0.13428912982935723,0.10478066872781559,[],[]
19,3,FuseConfig.DEPTH_FEATS_ATTN,False,Vision_Random,9,wrist+wrist_depth,100,False,False,0.44791887573243805,0.3955251310299534,0.06155334149690388,0.06155334149690388,[],[]
20,3,FuseConfig.DEPTH_FEATS_ATTN,True,Vision_Random,,l_shoulder+r_shoulder,100,,,,,,,,
21,3,FuseConfig.DEPTH_FEATS_ATTN,True,Vision_Random,,l_shoulder+r_shoulder,100,,,,,,,,
22,3,FuseConfig.DEPTH_FEATS_ATTN,True,Vision_Random,,l_shoulder+r_shoulder,100,,,,,,,,
23,3,FuseConfig.DEPTH_FEATS_ATTN,True,Vision_Random,,l_shoulder+r_shoulder,100,,,,,,,,
24,3,FuseConfig.DEPTH_FEATS_ATTN,True,Vision_Random,,l_shoulder+r_shoulder,100,,,,,,,,
25,3,FuseConfig.DEPTH_FEATS_ATTN,True,Vision_Random,,l_shoulder+r_shoulder,100,,,,,,,,
26,3,FuseConfig.DEPTH_FEATS_ATTN,True,Vision_Random,,l_shoulder+r_shoulder,100,,,,,,,,
27,3,FuseConfig.DEPTH_FEATS_ATTN,True,Vision_Random,,l_shoulder+r_shoulder,100,,,,,,,,
28,3,FuseConfig.DEPTH_FEATS_ATTN,True,Vision_Random,,l_shoulder+r_shoulder,100,,,,,,,,
29,3,FuseConfig.DEPTH_FEATS_ATTN,True,Vision_Random,,l_shoulder+r_shoulder,100,,,,,,,,
30,3,FuseConfig.DEPTH_FEATS_ATTN,True,Vision_Random,,wrist+l_shoulder+r_shoulder,100,,,,,,,,
31,3,FuseConfig.DEPTH_FEATS_ATTN,True,Vision_Random,,wrist+l_shoulder+r_shoulder,100,,,,,,,,
32,3,FuseConfig.DEPTH_FEATS_ATTN,True,Vision_Random,,wrist+l_shoulder+r_shoulder,100,,,,,,,,
33,3,FuseConfig.DEPTH_FEATS_ATTN,True,Vision_Random,,wrist+l_shoulder+r_shoulder,100,,,,,,,,
34,3,FuseConfig.DEPTH_FEATS_ATTN,True,Vision_Random,,wrist+l_shoulder+r_shoulder,100,,,,,,,,
35,3,FuseConfig.DEPTH_FEATS_ATTN,True,Vision_Random,,wrist+l_shoulder+r_shoulder,100,,,,,,,,
36,3,FuseConfig.DEPTH_FEATS_ATTN,True,Vision_Random,,wrist+l_shoulder+r_shoulder,100,,,,,,,,
37,3,FuseConfig.DEPTH_FEATS_ATTN,True,Vision_Random,,wrist+l_shoulder+r_shoulder,100,,,,,,,,
38,3,FuseConfig.DEPTH_FEATS_ATTN,True,Vision_Random,,wrist+l_shoulder+r_shoulder,100,,,,,,,,
39,3,FuseConfig.DEPTH_FEATS_ATTN,True,Vision_Random,,wrist+l_shoulder+r_shoulder,100,,,,,,,,
40,3,FuseConfig.DEPTH_FEATS_ATTN,False,Vision_Random,0,wrist+l_shoulder+r_shoulder+wrist_depth,100,False,False,0.08204785366806722,0.08017928589735254,0.07268650055928912,0.047406514133386896,[],[]
41,3,FuseConfig.DEPTH_FEATS_ATTN,False,Vision_Random,1,wrist+l_shoulder+r_shoulder+wrist_depth,100,False,False,0.08223953134742863,0.08054983400927065,0.27399512358322825,0.13404030238380438,[],[]
42,3,FuseConfig.DEPTH_FEATS_ATTN,False,Vision_Random,2,wrist+l_shoulder+r_shoulder+wrist_depth,100,False,False,0.22693296979624278,0.22408202392146329,0.0713196225235475,0.0668256681557507,[],[]
43,3,FuseConfig.DEPTH_FEATS_ATTN,False,Vision_Random,3,wrist+l_shoulder+r_shoulder+wrist_depth,100,False,False,0.08823565192361049,0.08737309023010612,0.350167294371414,0.20990052190323735,[],[]
44,3,FuseConfig.DEPTH_FEATS_ATTN,False,Vision_Random,4,wrist+l_shoulder+r_shoulder+wrist_depth,100,False,False,0.08345924191848485,0.08345924191848485,0.3322276539620065,0.18742423604651104,[],[]
45,3,FuseConfig.DEPTH_FEATS_ATTN,False,Vision_Random,5,wrist+l_shoulder+r_shoulder+wrist_depth,100,True,False,0.09377232610245764,0.09377232610245764,0.2931648559843923,0.15326400921452774,['outputs/run-grasp-with-agent/_June07_08-21'],[]
46,3,FuseConfig.DEPTH_FEATS_ATTN,False,Vision_Random,6,wrist+l_shoulder+r_shoulder+wrist_depth,100,False,False,0.09189405033647284,0.08802495002901829,0.3370199731580984,0.18112223215087428,[],[]
47,3,FuseConfig.DEPTH_FEATS_ATTN,False,Vision_Random,7,wrist+l_shoulder+r_shoulder+wrist_depth,100,False,False,0.40143328843460474,0.2836836525744319,0.07318645657788311,0.06584069091990144,[],[]
48,3,FuseConfig.DEPTH_FEATS_ATTN,False,Vision_Random,8,wrist+l_shoulder+r_shoulder+wrist_depth,100,True,False,0.0900536020634954,0.0900536020634954,0.22728227283504704,0.12303220989249214,['outputs/run-grasp-with-agent/_June07_08-21'],[]
49,3,FuseConfig.DEPTH_FEATS_ATTN,False,Vision_Random,9,wrist+l_shoulder+r_shoulder+wrist_depth,100,False,False,0.4650503455836755,0.2558093060740108,0.06765289038013604,0.06315673033850165,[],[]
50,3,FuseConfig.DEPTH_FEATS_ATTN,True,Vision_Random,,wrist,150,,,,,,,,
51,3,FuseConfig.DEPTH_FEATS_ATTN,True,Vision_Random,,wrist,150,,,,,,,,
52,3,FuseConfig.DEPTH_FEATS_ATTN,True,Vision_Random,,wrist,150,,,,,,,,
53,3,FuseConfig.DEPTH_FEATS_ATTN,True,Vision_Random,,wrist,150,,,,,,,,
54,3,FuseConfig.DEPTH_FEATS_ATTN,True,Vision_Random,,wrist,150,,,,,,,,
55,3,FuseConfig.DEPTH_FEATS_ATTN,True,Vision_Random,,wrist,150,,,,,,,,
56,3,FuseConfig.DEPTH_FEATS_ATTN,True,Vision_Random,,wrist,150,,,,,,,,
57,3,FuseConfig.DEPTH_FEATS_ATTN,True,Vision_Random,,wrist,150,,,,,,,,
58,3,FuseConfig.DEPTH_FEATS_ATTN,True,Vision_Random,,wrist,150,,,,,,,,
59,3,FuseConfig.DEPTH_FEATS_ATTN,True,Vision_Random,,wrist,150,,,,,,,,
60,3,FuseConfig.DEPTH_FEATS_ATTN,False,Vision_Random,0,wrist+wrist_depth,150,False,False,0.10673896635761736,0.10639477310524802,0.09398535720996856,0.05434710686909737,[],[]
61,3,FuseConfig.DEPTH_FEATS_ATTN,False,Vision_Random,1,wrist+wrist_depth,150,False,False,0.08264639458423623,0.08264639458423623,0.11986964389840914,0.11242723559898155,[],[]
62,3,FuseConfig.DEPTH_FEATS_ATTN,False,Vision_Random,2,wrist+wrist_depth,150,True,False,0.10103320270109364,0.09515001735782096,0.06032497759753813,0.06032497759753813,['outputs/run-grasp-with-agent/_June07_08-21'],[]
63,3,FuseConfig.DEPTH_FEATS_ATTN,False,Vision_Random,3,wrist+wrist_depth,150,False,False,0.0918388030215225,0.0918388030215225,0.29474271586431483,0.1938386324866982,[],[]
64,3,FuseConfig.DEPTH_FEATS_ATTN,False,Vision_Random,4,wrist+wrist_depth,150,True,False,0.09328664859054546,0.09328664859054546,0.3379593711728827,0.24051246905107604,['outputs/run-grasp-with-agent/_June07_08-21'],[]
65,3,FuseConfig.DEPTH_FEATS_ATTN,False,Vision_Random,5,wrist+wrist_depth,150,True,False,0.09975882317100954,0.0971290026104229,0.24007907524530683,0.12866599296501902,['outputs/run-grasp-with-agent/_June07_08-21'],[]
66,3,FuseConfig.DEPTH_FEATS_ATTN,False,Vision_Random,6,wrist+wrist_depth,150,True,False,0.09513293558176747,0.09513293558176747,0.34254709804967115,0.23667165787372127,['outputs/run-grasp-with-agent/_June07_08-22'],[]
67,3,FuseConfig.DEPTH_FEATS_ATTN,False,Vision_Random,7,wrist+wrist_depth,150,False,False,0.43613323094310263,0.41572097162999533,0.06729591917493141,0.06381264717116004,[],[]
68,3,FuseConfig.DEPTH_FEATS_ATTN,False,Vision_Random,8,wrist+wrist_depth,150,False,False,0.13785397669610003,0.13494583393118947,0.2306123627713801,0.0934364609782736,[],[]
69,3,FuseConfig.DEPTH_FEATS_ATTN,False,Vision_Random,9,wrist+wrist_depth,150,False,False,0.07192064982603294,0.058828581482435395,0.061722398790964104,0.061722398790964104,[],[]
70,3,FuseConfig.DEPTH_FEATS_ATTN,True,Vision_Random,,l_shoulder+r_shoulder,150,,,,,,,,
71,3,FuseConfig.DEPTH_FEATS_ATTN,True,Vision_Random,,l_shoulder+r_shoulder,150,,,,,,,,
72,3,FuseConfig.DEPTH_FEATS_ATTN,True,Vision_Random,,l_shoulder+r_shoulder,150,,,,,,,,
73,3,FuseConfig.DEPTH_FEATS_ATTN,True,Vision_Random,,l_shoulder+r_shoulder,150,,,,,,,,
74,3,FuseConfig.DEPTH_FEATS_ATTN,True,Vision_Random,,l_shoulder+r_shoulder,150,,,,,,,,
75,3,FuseConfig.DEPTH_FEATS_ATTN,True,Vision_Random,,l_shoulder+r_shoulder,150,,,,,,,,
76,3,FuseConfig.DEPTH_FEATS_ATTN,True,Vision_Random,,l_shoulder+r_shoulder,150,,,,,,,,
77,3,FuseConfig.DEPTH_FEATS_ATTN,True,Vision_Random,,l_shoulder+r_shoulder,150,,,,,,,,
78,3,FuseConfig.DEPTH_FEATS_ATTN,True,Vision_Random,,l_shoulder+r_shoulder,150,,,,,,,,
79,3,FuseConfig.DEPTH_FEATS_ATTN,True,Vision_Random,,l_shoulder+r_shoulder,150,,,,,,,,
80,3,FuseConfig.DEPTH_FEATS_ATTN,True,Vision_Random,,wrist+l_shoulder+r_shoulder,150,,,,,,,,
81,3,FuseConfig.DEPTH_FEATS_ATTN,True,Vision_Random,,wrist+l_shoulder+r_shoulder,150,,,,,,,,
82,3,FuseConfig.DEPTH_FEATS_ATTN,True,Vision_Random,,wrist+l_shoulder+r_shoulder,150,,,,,,,,
83,3,FuseConfig.DEPTH_FEATS_ATTN,True,Vision_Random,,wrist+l_shoulder+r_shoulder,150,,,,,,,,
84,3,FuseConfig.DEPTH_FEATS_ATTN,True,Vision_Random,,wrist+l_shoulder+r_shoulder,150,,,,,,,,
85,3,FuseConfig.DEPTH_FEATS_ATTN,True,Vision_Random,,wrist+l_shoulder+r_shoulder,150,,,,,,,,
86,3,FuseConfig.DEPTH_FEATS_ATTN,True,Vision_Random,,wrist+l_shoulder+r_shoulder,150,,,,,,,,
87,3,FuseConfig.DEPTH_FEATS_ATTN,True,Vision_Random,,wrist+l_shoulder+r_shoulder,150,,,,,,,,
88,3,FuseConfig.DEPTH_FEATS_ATTN,True,Vision_Random,,wrist+l_shoulder+r_shoulder,150,,,,,,,,
89,3,FuseConfig.DEPTH_FEATS_ATTN,True,Vision_Random,,wrist+l_shoulder+r_shoulder,150,,,,,,,,
90,3,FuseConfig.DEPTH_FEATS_ATTN,False,Vision_Random,0,wrist+l_shoulder+r_shoulder+wrist_depth,150,True,False,0.09398504480696612,0.09398504480696612,0.12378341455419342,0.0838438891362906,['outputs/run-grasp-with-agent/_June07_08-22'],[]
91,3,FuseConfig.DEPTH_FEATS_ATTN,False,Vision_Random,1,wrist+l_shoulder+r_shoulder+wrist_depth,150,False,False,0.08164046532215571,0.08157348219073321,0.09681621705965035,0.05745219618556724,[],[]
92,3,FuseConfig.DEPTH_FEATS_ATTN,False,Vision_Random,2,wrist+l_shoulder+r_shoulder+wrist_depth,150,False,True,0.18782771858295527,0.17971155440616962,0.07229731916573431,0.06668753628734791,[],['outputs/run-grasp-with-agent/_June07_08-23']
93,3,FuseConfig.DEPTH_FEATS_ATTN,False,Vision_Random,3,wrist+l_shoulder+r_shoulder+wrist_depth,150,True,False,0.09590370266053105,0.09590370266053105,0.34613776759832177,0.13501793086213126,['outputs/run-grasp-with-agent/_June07_08-22'],[]
94,3,FuseConfig.DEPTH_FEATS_ATTN,False,Vision_Random,4,wrist+l_shoulder+r_shoulder+wrist_depth,150,True,False,0.0928068516155044,0.0928068516155044,0.4207541782320678,0.24731374426408076,['outputs/run-grasp-with-agent/_June07_08-22'],[]
95,3,FuseConfig.DEPTH_FEATS_ATTN,False,Vision_Random,5,wrist+l_shoulder+r_shoulder+wrist_depth,150,False,False,0.32855046305356894,0.21378813296150426,0.31186618134811556,0.08611170103303853,[],[]
96,3,FuseConfig.DEPTH_FEATS_ATTN,False,Vision_Random,6,wrist+l_shoulder+r_shoulder+wrist_depth,150,True,False,0.0926369767228571,0.0926369767228571,0.42131618514203645,0.238952704955334,['outputs/run-grasp-with-agent/_June07_08-22'],[]
97,3,FuseConfig.DEPTH_FEATS_ATTN,False,Vision_Random,7,wrist+l_shoulder+r_shoulder+wrist_depth,150,False,False,0.40769480327803637,0.3206305494587548,0.3353104461596997,0.09649695966452153,[],[]
98,3,FuseConfig.DEPTH_FEATS_ATTN,False,Vision_Random,8,wrist+l_shoulder+r_shoulder+wrist_depth,150,False,False,0.3155090692385142,0.28372499384988703,0.17497400456225445,0.06294650830528671,[],[]
99,3,FuseConfig.DEPTH_FEATS_ATTN,False,Vision_Random,9,wrist+l_shoulder+r_shoulder+wrist_depth,150,False,False,0.47139654673235953,0.26663859848872706,0.07121114939379627,0.06382536603015666,[],[]
100,3,FuseConfig.DEPTH_FEATS_ATTN,True,Vision_Random,,wrist,200,,,,,,,,
101,3,FuseConfig.DEPTH_FEATS_ATTN,True,Vision_Random,,wrist,200,,,,,,,,
102,3,FuseConfig.DEPTH_FEATS_ATTN,True,Vision_Random,,wrist,200,,,,,,,,
103,3,FuseConfig.DEPTH_FEATS_ATTN,True,Vision_Random,,wrist,200,,,,,,,,
104,3,FuseConfig.DEPTH_FEATS_ATTN,True,Vision_Random,,wrist,200,,,,,,,,
105,3,FuseConfig.DEPTH_FEATS_ATTN,True,Vision_Random,,wrist,200,,,,,,,,
106,3,FuseConfig.DEPTH_FEATS_ATTN,True,Vision_Random,,wrist,200,,,,,,,,
107,3,FuseConfig.DEPTH_FEATS_ATTN,True,Vision_Random,,wrist,200,,,,,,,,
108,3,FuseConfig.DEPTH_FEATS_ATTN,True,Vision_Random,,wrist,200,,,,,,,,
109,3,FuseConfig.DEPTH_FEATS_ATTN,True,Vision_Random,,wrist,200,,,,,,,,
110,3,FuseConfig.DEPTH_FEATS_ATTN,False,Vision_Random,0,wrist+wrist_depth,200,False,False,0.14016796571500292,0.13800721589840115,0.08033574580030521,0.05082441985190348,[],[]
111,3,FuseConfig.DEPTH_FEATS_ATTN,False,Vision_Random,1,wrist+wrist_depth,200,False,False,0.10987676120417765,0.10987676120417765,0.20716306098185028,0.12035605042087008,[],[]
112,3,FuseConfig.DEPTH_FEATS_ATTN,False,Vision_Random,2,wrist+wrist_depth,200,False,False,0.18424964586297524,0.16813898984466313,0.06712840798884856,0.06301288304693968,[],[]
113,3,FuseConfig.DEPTH_FEATS_ATTN,False,Vision_Random,3,wrist+wrist_depth,200,False,False,0.08511168317063164,0.08003392107243013,0.303989159664148,0.19651809978683396,[],[]
114,3,FuseConfig.DEPTH_FEATS_ATTN,False,Vision_Random,4,wrist+wrist_depth,200,False,False,0.09591314178088822,0.09591314178088822,0.32425866307303874,0.22268365422329442,[],[]
115,3,FuseConfig.DEPTH_FEATS_ATTN,False,Vision_Random,5,wrist+wrist_depth,200,False,False,0.08043722667251729,0.0795893493359906,0.2457346232071037,0.12312976550553006,[],[]
116,3,FuseConfig.DEPTH_FEATS_ATTN,False,Vision_Random,6,wrist+wrist_depth,200,False,False,0.12141122771478649,0.12141122771478649,0.32780737910347096,0.21607505029860186,[],[]
117,3,FuseConfig.DEPTH_FEATS_ATTN,False,Vision_Random,7,wrist+wrist_depth,200,False,False,0.4645546725972853,0.417902627187777,0.06463009197865592,0.060228917877800464,[],[]
118,3,FuseConfig.DEPTH_FEATS_ATTN,False,Vision_Random,8,wrist+wrist_depth,200,False,False,0.15277227978002975,0.13862258432200164,0.16541499882894997,0.09806819736368994,[],[]
119,3,FuseConfig.DEPTH_FEATS_ATTN,False,Vision_Random,9,wrist+wrist_depth,200,True,False,0.07883792162521704,0.07883792162521704,0.06202545003536403,0.06202545003536403,['outputs/run-grasp-with-agent/_June07_08-23'],[]
120,3,FuseConfig.DEPTH_FEATS_ATTN,True,Vision_Random,,l_shoulder+r_shoulder,200,,,,,,,,
121,3,FuseConfig.DEPTH_FEATS_ATTN,True,Vision_Random,,l_shoulder+r_shoulder,200,,,,,,,,
122,3,FuseConfig.DEPTH_FEATS_ATTN,True,Vision_Random,,l_shoulder+r_shoulder,200,,,,,,,,
123,3,FuseConfig.DEPTH_FEATS_ATTN,True,Vision_Random,,l_shoulder+r_shoulder,200,,,,,,,,
124,3,FuseConfig.DEPTH_FEATS_ATTN,True,Vision_Random,,l_shoulder+r_shoulder,200,,,,,,,,
125,3,FuseConfig.DEPTH_FEATS_ATTN,True,Vision_Random,,l_shoulder+r_shoulder,200,,,,,,,,
126,3,FuseConfig.DEPTH_FEATS_ATTN,True,Vision_Random,,l_shoulder+r_shoulder,200,,,,,,,,
127,3,FuseConfig.DEPTH_FEATS_ATTN,True,Vision_Random,,l_shoulder+r_shoulder,200,,,,,,,,
128,3,FuseConfig.DEPTH_FEATS_ATTN,True,Vision_Random,,l_shoulder+r_shoulder,200,,,,,,,,
129,3,FuseConfig.DEPTH_FEATS_ATTN,True,Vision_Random,,l_shoulder+r_shoulder,200,,,,,,,,
130,3,FuseConfig.DEPTH_FEATS_ATTN,True,Vision_Random,,wrist+l_shoulder+r_shoulder,200,,,,,,,,
131,3,FuseConfig.DEPTH_FEATS_ATTN,True,Vision_Random,,wrist+l_shoulder+r_shoulder,200,,,,,,,,
132,3,FuseConfig.DEPTH_FEATS_ATTN,True,Vision_Random,,wrist+l_shoulder+r_shoulder,200,,,,,,,,
133,3,FuseConfig.DEPTH_FEATS_ATTN,True,Vision_Random,,wrist+l_shoulder+r_shoulder,200,,,,,,,,
134,3,FuseConfig.DEPTH_FEATS_ATTN,True,Vision_Random,,wrist+l_shoulder+r_shoulder,200,,,,,,,,
135,3,FuseConfig.DEPTH_FEATS_ATTN,True,Vision_Random,,wrist+l_shoulder+r_shoulder,200,,,,,,,,
136,3,FuseConfig.DEPTH_FEATS_ATTN,True,Vision_Random,,wrist+l_shoulder+r_shoulder,200,,,,,,,,
137,3,FuseConfig.DEPTH_FEATS_ATTN,True,Vision_Random,,wrist+l_shoulder+r_shoulder,200,,,,,,,,
138,3,FuseConfig.DEPTH_FEATS_ATTN,True,Vision_Random,,wrist+l_shoulder+r_shoulder,200,,,,,,,,
139,3,FuseConfig.DEPTH_FEATS_ATTN,True,Vision_Random,,wrist+l_shoulder+r_shoulder,200,,,,,,,,
140,3,FuseConfig.DEPTH_FEATS_ATTN,False,Vision_Random,0,wrist+l_shoulder+r_shoulder+wrist_depth,200,False,False,0.13096060556193206,0.13096060556193206,0.07408508540147463,0.05450615880284957,[],[]
141,3,FuseConfig.DEPTH_FEATS_ATTN,False,Vision_Random,1,wrist+l_shoulder+r_shoulder+wrist_depth,200,False,False,0.1841305432945743,0.1841305432945743,0.10494859467569623,0.09667644216610673,[],[]
142,3,FuseConfig.DEPTH_FEATS_ATTN,False,Vision_Random,2,wrist+l_shoulder+r_shoulder+wrist_depth,200,False,True,0.24392197733473517,0.2325477574383198,0.06862454834824568,0.06856275428967093,[],['outputs/run-grasp-with-agent/_June07_08-25']
143,3,FuseConfig.DEPTH_FEATS_ATTN,False,Vision_Random,3,wrist+l_shoulder+r_shoulder+wrist_depth,200,False,False,0.15174787323473266,0.14199503105722178,0.3663958763173815,0.135677531169824,"['outputs/run-grasp-with-agent/_June07_08-24', 'outputs/run-grasp-with-agent/_June07_08-24', 'outputs/run-grasp-with-agent/_June07_08-24', 'outputs/run-grasp-with-agent/_June07_08-24', 'outputs/run-grasp-with-agent/_June07_08-24', 'outputs/run-grasp-with-agent/_June07_08-24', 'outputs/run-grasp-with-agent/_June07_08-24', 'outputs/run-grasp-with-agent/_June07_08-24']",[]
144,3,FuseConfig.DEPTH_FEATS_ATTN,False,Vision_Random,4,wrist+l_shoulder+r_shoulder+wrist_depth,200,False,False,0.11075370004607461,0.10622385392755006,0.3542904363275459,0.1934020945556042,[],[]
145,3,FuseConfig.DEPTH_FEATS_ATTN,False,Vision_Random,5,wrist+l_shoulder+r_shoulder+wrist_depth,200,False,False,0.21610785982618502,0.21610785982618502,0.32137057800068425,0.12410174249796388,[],[]
146,3,FuseConfig.DEPTH_FEATS_ATTN,False,Vision_Random,6,wrist+l_shoulder+r_shoulder+wrist_depth,200,False,False,0.1908248585512463,0.14293295901995032,0.36904396864122024,0.18947180760989418,[],[]
147,3,FuseConfig.DEPTH_FEATS_ATTN,False,Vision_Random,7,wrist+l_shoulder+r_shoulder+wrist_depth,200,False,False,0.09147118754605252,0.0828520184561099,0.06644346794350786,0.0641154457734446,"['outputs/run-grasp-with-agent/_June07_08-24', 'outputs/run-grasp-with-agent/_June07_08-24', 'outputs/run-grasp-with-agent/_June07_08-24', 'outputs/run-grasp-with-agent/_June07_08-24', 'outputs/run-grasp-with-agent/_June07_08-24', 'outputs/run-grasp-with-agent/_June07_08-24', 'outputs/run-grasp-with-agent/_June07_08-24', 'outputs/run-grasp-with-agent/_June07_08-24', 'outputs/run-grasp-with-agent/_June07_08-24', 'outputs/run-grasp-with-agent/_June07_08-24', 'outputs/run-grasp-with-agent/_June07_08-24', 'outputs/run-grasp-with-agent/_June07_08-24', 'outputs/run-grasp-with-agent/_June07_08-24', 'outputs/run-grasp-with-agent/_June07_08-25', 'outputs/run-grasp-with-agent/_June07_08-25', 'outputs/run-grasp-with-agent/_June07_08-25', 'outputs/run-grasp-with-agent/_June07_08-25', 'outputs/run-grasp-with-agent/_June07_08-25', 'outputs/run-grasp-with-agent/_June07_08-25', 'outputs/run-grasp-with-agent/_June07_08-25', 'outputs/run-grasp-with-agent/_June07_08-25', 'outputs/run-grasp-with-agent/_June07_08-25', 'outputs/run-grasp-with-agent/_June07_08-25', 'outputs/run-grasp-with-agent/_June07_08-25', 'outputs/run-grasp-with-agent/_June07_08-25', 'outputs/run-grasp-with-agent/_June07_08-25', 'outputs/run-grasp-with-agent/_June07_08-25', 'outputs/run-grasp-with-agent/_June07_08-25', 'outputs/run-grasp-with-agent/_June07_08-25', 'outputs/run-grasp-with-agent/_June07_08-25', 'outputs/run-grasp-with-agent/_June07_08-25', 'outputs/run-grasp-with-agent/_June07_08-25', 'outputs/run-grasp-with-agent/_June07_08-25', 'outputs/run-grasp-with-agent/_June07_08-25', 'outputs/run-grasp-with-agent/_June07_08-25', 'outputs/run-grasp-with-agent/_June07_08-25', 'outputs/run-grasp-with-agent/_June07_08-25', 'outputs/run-grasp-with-agent/_June07_08-25', 'outputs/run-grasp-with-agent/_June07_08-25', 'outputs/run-grasp-with-agent/_June07_08-25', 'outputs/run-grasp-with-agent/_June07_08-25', 'outputs/run-grasp-with-agent/_June07_08-25', 'outputs/run-grasp-with-agent/_June07_08-25', 'outputs/run-grasp-with-agent/_June07_08-25']",[]
148,3,FuseConfig.DEPTH_FEATS_ATTN,False,Vision_Random,8,wrist+l_shoulder+r_shoulder+wrist_depth,200,False,False,0.12347105153993439,0.12347105153993439,0.2587724589532485,0.12085473264845824,[],[]
149,3,FuseConfig.DEPTH_FEATS_ATTN,False,Vision_Random,9,wrist+l_shoulder+r_shoulder+wrist_depth,200,False,False,0.11745384848972176,0.11745384848972176,0.1247140876563686,0.10558744204351118,[],[]
150,3,FuseConfig.DEPTH_FEATS_ATTN,True,Vision_Random,,wrist,400,,,,,,,,
151,3,FuseConfig.DEPTH_FEATS_ATTN,True,Vision_Random,,wrist,400,,,,,,,,
152,3,FuseConfig.DEPTH_FEATS_ATTN,True,Vision_Random,,wrist,400,,,,,,,,
153,3,FuseConfig.DEPTH_FEATS_ATTN,True,Vision_Random,,wrist,400,,,,,,,,
154,3,FuseConfig.DEPTH_FEATS_ATTN,True,Vision_Random,,wrist,400,,,,,,,,
155,3,FuseConfig.DEPTH_FEATS_ATTN,True,Vision_Random,,wrist,400,,,,,,,,
156,3,FuseConfig.DEPTH_FEATS_ATTN,True,Vision_Random,,wrist,400,,,,,,,,
157,3,FuseConfig.DEPTH_FEATS_ATTN,True,Vision_Random,,wrist,400,,,,,,,,
158,3,FuseConfig.DEPTH_FEATS_ATTN,True,Vision_Random,,wrist,400,,,,,,,,
159,3,FuseConfig.DEPTH_FEATS_ATTN,True,Vision_Random,,wrist,400,,,,,,,,
160,3,FuseConfig.DEPTH_FEATS_ATTN,False,Vision_Random,0,wrist+wrist_depth,400,False,False,0.44443631171619513,0.3301921066669594,0.0854846327745664,0.06332253422425918,[],[]
161,3,FuseConfig.DEPTH_FEATS_ATTN,False,Vision_Random,1,wrist+wrist_depth,400,False,False,0.2039802538959504,0.2039802538959504,0.20651144249228404,0.11886165244163123,[],[]
162,3,FuseConfig.DEPTH_FEATS_ATTN,False,Vision_Random,2,wrist+wrist_depth,400,True,False,0.09945863307061685,0.0973063808850146,0.0682583783513206,0.06380555800490872,['outputs/run-grasp-with-agent/_June07_08-26'],[]
163,3,FuseConfig.DEPTH_FEATS_ATTN,False,Vision_Random,3,wrist+wrist_depth,400,False,False,0.2564409705493386,0.2462215664366477,0.2808305536768832,0.20828502913049812,[],[]
164,3,FuseConfig.DEPTH_FEATS_ATTN,False,Vision_Random,4,wrist+wrist_depth,400,False,False,0.40302573557773874,0.36550892585358513,0.3804129950016581,0.2530539364347463,[],[]
165,3,FuseConfig.DEPTH_FEATS_ATTN,False,Vision_Random,5,wrist+wrist_depth,400,False,False,0.40408508627620027,0.40408508627620027,0.2633804949565144,0.12467084627544715,[],[]
166,3,FuseConfig.DEPTH_FEATS_ATTN,False,Vision_Random,6,wrist+wrist_depth,400,False,False,0.5285450635109437,0.4632748663287391,0.38527872941401664,0.24718820596884417,[],[]
167,3,FuseConfig.DEPTH_FEATS_ATTN,False,Vision_Random,7,wrist+wrist_depth,400,False,False,0.570216266918235,0.524961927675419,0.06775193309085628,0.06391509704757709,[],[]
168,3,FuseConfig.DEPTH_FEATS_ATTN,False,Vision_Random,8,wrist+wrist_depth,400,False,False,0.43557385954685474,0.42167770166943247,0.07924592077090327,0.07326735976398936,[],[]
169,3,FuseConfig.DEPTH_FEATS_ATTN,False,Vision_Random,9,wrist+wrist_depth,400,False,False,0.4160419969816304,0.40223453840872414,0.11850816996409388,0.11295821273969557,[],[]
170,3,FuseConfig.DEPTH_FEATS_ATTN,True,Vision_Random,,l_shoulder+r_shoulder,400,,,,,,,,
171,3,FuseConfig.DEPTH_FEATS_ATTN,True,Vision_Random,,l_shoulder+r_shoulder,400,,,,,,,,
172,3,FuseConfig.DEPTH_FEATS_ATTN,True,Vision_Random,,l_shoulder+r_shoulder,400,,,,,,,,
173,3,FuseConfig.DEPTH_FEATS_ATTN,True,Vision_Random,,l_shoulder+r_shoulder,400,,,,,,,,
174,3,FuseConfig.DEPTH_FEATS_ATTN,True,Vision_Random,,l_shoulder+r_shoulder,400,,,,,,,,
175,3,FuseConfig.DEPTH_FEATS_ATTN,True,Vision_Random,,l_shoulder+r_shoulder,400,,,,,,,,
176,3,FuseConfig.DEPTH_FEATS_ATTN,True,Vision_Random,,l_shoulder+r_shoulder,400,,,,,,,,
177,3,FuseConfig.DEPTH_FEATS_ATTN,True,Vision_Random,,l_shoulder+r_shoulder,400,,,,,,,,
178,3,FuseConfig.DEPTH_FEATS_ATTN,True,Vision_Random,,l_shoulder+r_shoulder,400,,,,,,,,
179,3,FuseConfig.DEPTH_FEATS_ATTN,True,Vision_Random,,l_shoulder+r_shoulder,400,,,,,,,,
180,3,FuseConfig.DEPTH_FEATS_ATTN,True,Vision_Random,,wrist+l_shoulder+r_shoulder,400,,,,,,,,
181,3,FuseConfig.DEPTH_FEATS_ATTN,True,Vision_Random,,wrist+l_shoulder+r_shoulder,400,,,,,,,,
182,3,FuseConfig.DEPTH_FEATS_ATTN,True,Vision_Random,,wrist+l_shoulder+r_shoulder,400,,,,,,,,
183,3,FuseConfig.DEPTH_FEATS_ATTN,True,Vision_Random,,wrist+l_shoulder+r_shoulder,400,,,,,,,,
184,3,FuseConfig.DEPTH_FEATS_ATTN,True,Vision_Random,,wrist+l_shoulder+r_shoulder,400,,,,,,,,
185,3,FuseConfig.DEPTH_FEATS_ATTN,True,Vision_Random,,wrist+l_shoulder+r_shoulder,400,,,,,,,,
186,3,FuseConfig.DEPTH_FEATS_ATTN,True,Vision_Random,,wrist+l_shoulder+r_shoulder,400,,,,,,,,
187,3,FuseConfig.DEPTH_FEATS_ATTN,True,Vision_Random,,wrist+l_shoulder+r_shoulder,400,,,,,,,,
188,3,FuseConfig.DEPTH_FEATS_ATTN,True,Vision_Random,,wrist+l_shoulder+r_shoulder,400,,,,,,,,
189,3,FuseConfig.DEPTH_FEATS_ATTN,True,Vision_Random,,wrist+l_shoulder+r_shoulder,400,,,,,,,,
190,3,FuseConfig.DEPTH_FEATS_ATTN,False,Vision_Random,0,wrist+l_shoulder+r_shoulder+wrist_depth,400,False,False,0.07992802090012303,0.07992802090012303,0.08563904749237505,0.06881442890771002,[],[]
191,3,FuseConfig.DEPTH_FEATS_ATTN,False,Vision_Random,1,wrist+l_shoulder+r_shoulder+wrist_depth,400,False,False,0.0808489044846163,0.0808489044846163,0.06503444802403283,0.060529770952326964,[],[]
192,3,FuseConfig.DEPTH_FEATS_ATTN,False,Vision_Random,2,wrist+l_shoulder+r_shoulder+wrist_depth,400,False,False,0.12270281197544318,0.12270281197544318,0.06954102965274225,0.0634081756712911,[],[]
193,3,FuseConfig.DEPTH_FEATS_ATTN,False,Vision_Random,3,wrist+l_shoulder+r_shoulder+wrist_depth,400,False,False,0.09006590385905032,0.07566218024250543,0.337290604724436,0.143539468258212,[],[]
194,3,FuseConfig.DEPTH_FEATS_ATTN,False,Vision_Random,4,wrist+l_shoulder+r_shoulder+wrist_depth,400,False,False,0.07174553019166233,0.07174553019166233,0.36010940959583226,0.20643930245378148,[],[]
195,3,FuseConfig.DEPTH_FEATS_ATTN,False,Vision_Random,5,wrist+l_shoulder+r_shoulder+wrist_depth,400,False,False,0.07742478956145048,0.07742478956145048,0.11611399481087079,0.09949294012215024,[],[]
196,3,FuseConfig.DEPTH_FEATS_ATTN,False,Vision_Random,6,wrist+l_shoulder+r_shoulder+wrist_depth,400,False,False,0.09260305866403057,0.07880085246444825,0.37253095468716396,0.20126111195828722,[],[]
197,3,FuseConfig.DEPTH_FEATS_ATTN,False,Vision_Random,7,wrist+l_shoulder+r_shoulder+wrist_depth,400,False,False,0.09783192906309725,0.09783192906309725,0.17304089176388684,0.06446729551885592,[],[]
198,3,FuseConfig.DEPTH_FEATS_ATTN,False,Vision_Random,8,wrist+l_shoulder+r_shoulder+wrist_depth,400,False,False,0.3269876744458881,0.13313545880774522,0.23354989580814287,0.09633921560078482,[],[]
199,3,FuseConfig.DEPTH_FEATS_ATTN,False,Vision_Random,9,wrist+l_shoulder+r_shoulder+wrist_depth,400,False,False,0.08631884929663386,0.08128671066381568,0.0725862082883309,0.06710665898580527,[],[]
200,3,FuseConfig.DEPTH_FEATS_ATTN,True,Vision_Random,,wrist,500,,,,,,,,
201,3,FuseConfig.DEPTH_FEATS_ATTN,True,Vision_Random,,wrist,500,,,,,,,,
202,3,FuseConfig.DEPTH_FEATS_ATTN,True,Vision_Random,,wrist,500,,,,,,,,
203,3,FuseConfig.DEPTH_FEATS_ATTN,True,Vision_Random,,wrist,500,,,,,,,,
204,3,FuseConfig.DEPTH_FEATS_ATTN,True,Vision_Random,,wrist,500,,,,,,,,
205,3,FuseConfig.DEPTH_FEATS_ATTN,True,Vision_Random,,wrist,500,,,,,,,,
206,3,FuseConfig.DEPTH_FEATS_ATTN,True,Vision_Random,,wrist,500,,,,,,,,
207,3,FuseConfig.DEPTH_FEATS_ATTN,True,Vision_Random,,wrist,500,,,,,,,,
208,3,FuseConfig.DEPTH_FEATS_ATTN,True,Vision_Random,,wrist,500,,,,,,,,
209,3,FuseConfig.DEPTH_FEATS_ATTN,True,Vision_Random,,wrist,500,,,,,,,,
210,3,FuseConfig.DEPTH_FEATS_ATTN,False,Vision_Random,0,wrist+wrist_depth,500,True,False,0.09527809531488814,0.09527809531488814,0.07830367856784337,0.05287030265906514,['outputs/run-grasp-with-agent/_June07_08-29'],[]
211,3,FuseConfig.DEPTH_FEATS_ATTN,False,Vision_Random,1,wrist+wrist_depth,500,True,False,0.09413249553479368,0.09413249553479368,0.19268561051368943,0.1215388705754738,['outputs/run-grasp-with-agent/_June07_08-29'],[]
212,3,FuseConfig.DEPTH_FEATS_ATTN,False,Vision_Random,2,wrist+wrist_depth,500,True,False,0.09598216220869295,0.09598216220869295,0.07059169786757682,0.06369971398846958,['outputs/run-grasp-with-agent/_June07_08-29'],[]
213,3,FuseConfig.DEPTH_FEATS_ATTN,False,Vision_Random,3,wrist+wrist_depth,500,True,False,0.09327885617611407,0.09327885617611407,0.28785526006892026,0.1966964113448933,['outputs/run-grasp-with-agent/_June07_08-29'],[]
214,3,FuseConfig.DEPTH_FEATS_ATTN,False,Vision_Random,4,wrist+wrist_depth,500,True,False,0.09372253678638133,0.09372253678638133,0.33748248336269526,0.24307618977067708,['outputs/run-grasp-with-agent/_June07_08-29'],[]
215,3,FuseConfig.DEPTH_FEATS_ATTN,False,Vision_Random,5,wrist+wrist_depth,500,True,False,0.0808971284646569,0.0808971284646569,0.22880141819054262,0.11947633093267286,['outputs/run-grasp-with-agent/_June07_08-29'],[]
216,3,FuseConfig.DEPTH_FEATS_ATTN,False,Vision_Random,6,wrist+wrist_depth,500,True,False,0.09307970883127802,0.09307970883127802,0.3397238786192756,0.23465139874806315,['outputs/run-grasp-with-agent/_June07_08-29'],[]
217,3,FuseConfig.DEPTH_FEATS_ATTN,False,Vision_Random,7,wrist+wrist_depth,500,False,False,0.44839812633513754,0.37036300055294585,0.065029266191477,0.0633896974424665,[],[]
218,3,FuseConfig.DEPTH_FEATS_ATTN,False,Vision_Random,8,wrist+wrist_depth,500,False,False,0.21153141035868434,0.06523396831559117,0.15030785379427983,0.08382111448510722,[],[]
219,3,FuseConfig.DEPTH_FEATS_ATTN,False,Vision_Random,9,wrist+wrist_depth,500,False,False,0.41769848130914417,0.2296909226030519,0.06473658814027436,0.06342163615788958,[],[]
220,3,FuseConfig.DEPTH_FEATS_ATTN,True,Vision_Random,,l_shoulder+r_shoulder,500,,,,,,,,
221,3,FuseConfig.DEPTH_FEATS_ATTN,True,Vision_Random,,l_shoulder+r_shoulder,500,,,,,,,,
222,3,FuseConfig.DEPTH_FEATS_ATTN,True,Vision_Random,,l_shoulder+r_shoulder,500,,,,,,,,
223,3,FuseConfig.DEPTH_FEATS_ATTN,True,Vision_Random,,l_shoulder+r_shoulder,500,,,,,,,,
224,3,FuseConfig.DEPTH_FEATS_ATTN,True,Vision_Random,,l_shoulder+r_shoulder,500,,,,,,,,
225,3,FuseConfig.DEPTH_FEATS_ATTN,True,Vision_Random,,l_shoulder+r_shoulder,500,,,,,,,,
226,3,FuseConfig.DEPTH_FEATS_ATTN,True,Vision_Random,,l_shoulder+r_shoulder,500,,,,,,,,
227,3,FuseConfig.DEPTH_FEATS_ATTN,True,Vision_Random,,l_shoulder+r_shoulder,500,,,,,,,,
228,3,FuseConfig.DEPTH_FEATS_ATTN,True,Vision_Random,,l_shoulder+r_shoulder,500,,,,,,,,
229,3,FuseConfig.DEPTH_FEATS_ATTN,True,Vision_Random,,l_shoulder+r_shoulder,500,,,,,,,,
230,3,FuseConfig.DEPTH_FEATS_ATTN,True,Vision_Random,,wrist+l_shoulder+r_shoulder,500,,,,,,,,
231,3,FuseConfig.DEPTH_FEATS_ATTN,True,Vision_Random,,wrist+l_shoulder+r_shoulder,500,,,,,,,,
232,3,FuseConfig.DEPTH_FEATS_ATTN,True,Vision_Random,,wrist+l_shoulder+r_shoulder,500,,,,,,,,
233,3,FuseConfig.DEPTH_FEATS_ATTN,True,Vision_Random,,wrist+l_shoulder+r_shoulder,500,,,,,,,,
234,3,FuseConfig.DEPTH_FEATS_ATTN,True,Vision_Random,,wrist+l_shoulder+r_shoulder,500,,,,,,,,
235,3,FuseConfig.DEPTH_FEATS_ATTN,True,Vision_Random,,wrist+l_shoulder+r_shoulder,500,,,,,,,,
236,3,FuseConfig.DEPTH_FEATS_ATTN,True,Vision_Random,,wrist+l_shoulder+r_shoulder,500,,,,,,,,
237,3,FuseConfig.DEPTH_FEATS_ATTN,True,Vision_Random,,wrist+l_shoulder+r_shoulder,500,,,,,,,,
238,3,FuseConfig.DEPTH_FEATS_ATTN,True,Vision_Random,,wrist+l_shoulder+r_shoulder,500,,,,,,,,
239,3,FuseConfig.DEPTH_FEATS_ATTN,True,Vision_Random,,wrist+l_shoulder+r_shoulder,500,,,,,,,,
240,3,FuseConfig.DEPTH_FEATS_ATTN,False,Vision_Random,0,wrist+l_shoulder+r_shoulder+wrist_depth,500,False,False,0.08062581454918916,0.08062581454918916,0.18442725335620996,0.08282244865935502,[],[]
241,3,FuseConfig.DEPTH_FEATS_ATTN,False,Vision_Random,1,wrist+l_shoulder+r_shoulder+wrist_depth,500,True,False,0.09596768488892883,0.09596768488892883,0.2292206182262277,0.0757224369055366,['outputs/run-grasp-with-agent/_June07_08-31'],[]
242,3,FuseConfig.DEPTH_FEATS_ATTN,False,Vision_Random,2,wrist+l_shoulder+r_shoulder+wrist_depth,500,False,False,0.2469179708098898,0.2135306968657514,0.07031442587487122,0.0654828523471545,[],[]
243,3,FuseConfig.DEPTH_FEATS_ATTN,False,Vision_Random,3,wrist+l_shoulder+r_shoulder+wrist_depth,500,False,False,0.08205493627095473,0.0814569201828767,0.3632270835972129,0.1276339821848113,[],[]
244,3,FuseConfig.DEPTH_FEATS_ATTN,False,Vision_Random,4,wrist+l_shoulder+r_shoulder+wrist_depth,500,False,False,0.07146796607762712,0.06604403894720104,0.3884520391361558,0.21651784914928718,[],[]
245,3,FuseConfig.DEPTH_FEATS_ATTN,False,Vision_Random,5,wrist+l_shoulder+r_shoulder+wrist_depth,500,False,False,0.09810796402673445,0.09810796402673445,0.1029476026094943,0.09270174824567062,[],[]
246,3,FuseConfig.DEPTH_FEATS_ATTN,False,Vision_Random,6,wrist+l_shoulder+r_shoulder+wrist_depth,500,False,False,0.06765660060190178,0.06599547270257827,0.399950678340838,0.20526572738762627,[],[]
247,3,FuseConfig.DEPTH_FEATS_ATTN,False,Vision_Random,7,wrist+l_shoulder+r_shoulder+wrist_depth,500,False,False,0.0828632750684819,0.08283492208333536,0.09596525399080577,0.062133415654610676,[],[]
248,3,FuseConfig.DEPTH_FEATS_ATTN,False,Vision_Random,8,wrist+l_shoulder+r_shoulder+wrist_depth,500,False,False,0.0804492779982804,0.0804492779982804,0.28026563724274084,0.10601784712354206,[],[]
249,3,FuseConfig.DEPTH_FEATS_ATTN,False,Vision_Random,9,wrist+l_shoulder+r_shoulder+wrist_depth,500,True,False,0.09234293936060335,0.09234293936060335,0.06706927766206468,0.06514602926537719,['outputs/run-grasp-with-agent/_June07_08-31'],[]
250,3,FuseConfig.DEPTH_FEATS_ATTN,True,Vision_Random,,wrist,1000,,,,,,,,
251,3,FuseConfig.DEPTH_FEATS_ATTN,True,Vision_Random,,wrist,1000,,,,,,,,
252,3,FuseConfig.DEPTH_FEATS_ATTN,True,Vision_Random,,wrist,1000,,,,,,,,
253,3,FuseConfig.DEPTH_FEATS_ATTN,True,Vision_Random,,wrist,1000,,,,,,,,
254,3,FuseConfig.DEPTH_FEATS_ATTN,True,Vision_Random,,wrist,1000,,,,,,,,
255,3,FuseConfig.DEPTH_FEATS_ATTN,True,Vision_Random,,wrist,1000,,,,,,,,
256,3,FuseConfig.DEPTH_FEATS_ATTN,True,Vision_Random,,wrist,1000,,,,,,,,
257,3,FuseConfig.DEPTH_FEATS_ATTN,True,Vision_Random,,wrist,1000,,,,,,,,
258,3,FuseConfig.DEPTH_FEATS_ATTN,True,Vision_Random,,wrist,1000,,,,,,,,
259,3,FuseConfig.DEPTH_FEATS_ATTN,True,Vision_Random,,wrist,1000,,,,,,,,
260,3,FuseConfig.DEPTH_FEATS_ATTN,False,Vision_Random,0,wrist+wrist_depth,1000,True,False,0.09850919375065967,0.09503881255794745,0.06405172439036806,0.053947376288022625,['outputs/run-grasp-with-agent/_June07_08-33'],[]
261,3,FuseConfig.DEPTH_FEATS_ATTN,False,Vision_Random,1,wrist+wrist_depth,1000,False,False,0.08063940157653433,0.07933385582018052,0.19911639295351294,0.12221840239999532,[],[]
262,3,FuseConfig.DEPTH_FEATS_ATTN,False,Vision_Random,2,wrist+wrist_depth,1000,False,False,0.15882408073852985,0.13669813177798798,0.06739123603483653,0.06341392112667579,[],[]
263,3,FuseConfig.DEPTH_FEATS_ATTN,False,Vision_Random,3,wrist+wrist_depth,1000,True,False,0.09288703914022339,0.09086880851543609,0.29768718047967374,0.2005088478085955,['outputs/run-grasp-with-agent/_June07_08-33'],[]
264,3,FuseConfig.DEPTH_FEATS_ATTN,False,Vision_Random,4,wrist+wrist_depth,1000,False,False,0.07975730232171552,0.07916069859669173,0.33113046169052573,0.22883076636644933,[],[]
265,3,FuseConfig.DEPTH_FEATS_ATTN,False,Vision_Random,5,wrist+wrist_depth,1000,True,False,0.10055732497983053,0.09379025227455971,0.23632387824903572,0.11764585127977639,['outputs/run-grasp-with-agent/_June07_08-33'],[]
266,3,FuseConfig.DEPTH_FEATS_ATTN,False,Vision_Random,6,wrist+wrist_depth,1000,True,False,0.09445186166167795,0.09257100082681753,0.3350501224594463,0.2239414536079973,['outputs/run-grasp-with-agent/_June07_08-33'],[]
267,3,FuseConfig.DEPTH_FEATS_ATTN,False,Vision_Random,7,wrist+wrist_depth,1000,False,False,0.46580159008873695,0.4110844803586854,0.06641417646985548,0.06345464606810179,[],[]
268,3,FuseConfig.DEPTH_FEATS_ATTN,False,Vision_Random,8,wrist+wrist_depth,1000,True,False,0.10032422457118656,0.09642551221172531,0.13922769998328574,0.09240942918517303,['outputs/run-grasp-with-agent/_June07_08-33'],[]
269,3,FuseConfig.DEPTH_FEATS_ATTN,False,Vision_Random,9,wrist+wrist_depth,1000,True,False,0.09309984605545073,0.09309984605545073,0.06700108391781574,0.06379603635897664,['outputs/run-grasp-with-agent/_June07_08-33'],[]
270,3,FuseConfig.DEPTH_FEATS_ATTN,True,Vision_Random,,l_shoulder+r_shoulder,1000,,,,,,,,
271,3,FuseConfig.DEPTH_FEATS_ATTN,True,Vision_Random,,l_shoulder+r_shoulder,1000,,,,,,,,
272,3,FuseConfig.DEPTH_FEATS_ATTN,True,Vision_Random,,l_shoulder+r_shoulder,1000,,,,,,,,
273,3,FuseConfig.DEPTH_FEATS_ATTN,True,Vision_Random,,l_shoulder+r_shoulder,1000,,,,,,,,
274,3,FuseConfig.DEPTH_FEATS_ATTN,True,Vision_Random,,l_shoulder+r_shoulder,1000,,,,,,,,
275,3,FuseConfig.DEPTH_FEATS_ATTN,True,Vision_Random,,l_shoulder+r_shoulder,1000,,,,,,,,
276,3,FuseConfig.DEPTH_FEATS_ATTN,True,Vision_Random,,l_shoulder+r_shoulder,1000,,,,,,,,
277,3,FuseConfig.DEPTH_FEATS_ATTN,True,Vision_Random,,l_shoulder+r_shoulder,1000,,,,,,,,
278,3,FuseConfig.DEPTH_FEATS_ATTN,True,Vision_Random,,l_shoulder+r_shoulder,1000,,,,,,,,
279,3,FuseConfig.DEPTH_FEATS_ATTN,True,Vision_Random,,l_shoulder+r_shoulder,1000,,,,,,,,
280,3,FuseConfig.DEPTH_FEATS_ATTN,True,Vision_Random,,wrist+l_shoulder+r_shoulder,1000,,,,,,,,
281,3,FuseConfig.DEPTH_FEATS_ATTN,True,Vision_Random,,wrist+l_shoulder+r_shoulder,1000,,,,,,,,
282,3,FuseConfig.DEPTH_FEATS_ATTN,True,Vision_Random,,wrist+l_shoulder+r_shoulder,1000,,,,,,,,
283,3,FuseConfig.DEPTH_FEATS_ATTN,True,Vision_Random,,wrist+l_shoulder+r_shoulder,1000,,,,,,,,
284,3,FuseConfig.DEPTH_FEATS_ATTN,True,Vision_Random,,wrist+l_shoulder+r_shoulder,1000,,,,,,,,
285,3,FuseConfig.DEPTH_FEATS_ATTN,True,Vision_Random,,wrist+l_shoulder+r_shoulder,1000,,,,,,,,
286,3,FuseConfig.DEPTH_FEATS_ATTN,True,Vision_Random,,wrist+l_shoulder+r_shoulder,1000,,,,,,,,
287,3,FuseConfig.DEPTH_FEATS_ATTN,True,Vision_Random,,wrist+l_shoulder+r_shoulder,1000,,,,,,,,
288,3,FuseConfig.DEPTH_FEATS_ATTN,True,Vision_Random,,wrist+l_shoulder+r_shoulder,1000,,,,,,,,
289,3,FuseConfig.DEPTH_FEATS_ATTN,True,Vision_Random,,wrist+l_shoulder+r_shoulder,1000,,,,,,,,
290,3,FuseConfig.DEPTH_FEATS_ATTN,False,Vision_Random,0,wrist+l_shoulder+r_shoulder+wrist_depth,1000,True,False,0.09817899032520114,0.09817899032520114,0.07550105578348393,0.058606023069743114,['outputs/run-grasp-with-agent/_June07_08-36'],[]
291,3,FuseConfig.DEPTH_FEATS_ATTN,False,Vision_Random,1,wrist+l_shoulder+r_shoulder+wrist_depth,1000,False,False,0.11143051819541223,0.11143051819541223,0.2180114339046281,0.10355280942158662,[],[]
292,3,FuseConfig.DEPTH_FEATS_ATTN,False,Vision_Random,2,wrist+l_shoulder+r_shoulder+wrist_depth,1000,False,False,0.2425244222124825,0.20607119284151126,0.07205999045708932,0.06490205156198692,[],[]
293,3,FuseConfig.DEPTH_FEATS_ATTN,False,Vision_Random,3,wrist+l_shoulder+r_shoulder+wrist_depth,1000,False,False,0.08596572162915032,0.08103254706698389,0.37487363883001806,0.15265291526119049,[],[]
294,3,FuseConfig.DEPTH_FEATS_ATTN,False,Vision_Random,4,wrist+l_shoulder+r_shoulder+wrist_depth,1000,True,False,0.0875126319880146,0.07796322345114837,0.3725165761906217,0.18171238523574726,['outputs/run-grasp-with-agent/_June07_08-37'],[]
295,3,FuseConfig.DEPTH_FEATS_ATTN,False,Vision_Random,5,wrist+l_shoulder+r_shoulder+wrist_depth,1000,False,False,0.12328352085092219,0.12327176286040492,0.34826605335820193,0.1248807628871782,[],[]
296,3,FuseConfig.DEPTH_FEATS_ATTN,False,Vision_Random,6,wrist+l_shoulder+r_shoulder+wrist_depth,1000,True,False,0.07760279110359894,0.07757663475577699,0.3780722854579685,0.1756367718445538,['outputs/run-grasp-with-agent/_June07_08-37'],[]
297,3,FuseConfig.DEPTH_FEATS_ATTN,False,Vision_Random,7,wrist+l_shoulder+r_shoulder+wrist_depth,1000,False,False,0.33760796851517033,0.150032759224514,0.120938616282779,0.1198015733170681,[],[]
298,3,FuseConfig.DEPTH_FEATS_ATTN,False,Vision_Random,8,wrist+l_shoulder+r_shoulder+wrist_depth,1000,False,False,0.3268483115216106,0.21963741526875724,0.2917255387059347,0.12310713138801284,[],[]
299,3,FuseConfig.DEPTH_FEATS_ATTN,False,Vision_Random,9,wrist+l_shoulder+r_shoulder+wrist_depth,1000,False,False,0.4814011829656665,0.20519738872924376,0.07187380034775383,0.06795850140758067,[],[]
300,3,FuseConfig.DEPTH_FEATS_ATTN,True,Vision_Random,,wrist,2000,,,,,,,,
301,3,FuseConfig.DEPTH_FEATS_ATTN,True,Vision_Random,,wrist,2000,,,,,,,,
302,3,FuseConfig.DEPTH_FEATS_ATTN,True,Vision_Random,,wrist,2000,,,,,,,,
303,3,FuseConfig.DEPTH_FEATS_ATTN,True,Vision_Random,,wrist,2000,,,,,,,,
304,3,FuseConfig.DEPTH_FEATS_ATTN,True,Vision_Random,,wrist,2000,,,,,,,,
305,3,FuseConfig.DEPTH_FEATS_ATTN,True,Vision_Random,,wrist,2000,,,,,,,,
306,3,FuseConfig.DEPTH_FEATS_ATTN,True,Vision_Random,,wrist,2000,,,,,,,,
307,3,FuseConfig.DEPTH_FEATS_ATTN,True,Vision_Random,,wrist,2000,,,,,,,,
308,3,FuseConfig.DEPTH_FEATS_ATTN,True,Vision_Random,,wrist,2000,,,,,,,,
309,3,FuseConfig.DEPTH_FEATS_ATTN,True,Vision_Random,,wrist,2000,,,,,,,,
310,3,FuseConfig.DEPTH_FEATS_ATTN,False,Vision_Random,0,wrist+wrist_depth,2000,False,False,0.2823252006528084,0.24107953002843246,0.07573775240376969,0.05573964767074761,[],[]
311,3,FuseConfig.DEPTH_FEATS_ATTN,False,Vision_Random,1,wrist+wrist_depth,2000,False,False,0.2041403108358841,0.2041403108358841,0.2137027861282934,0.12414867778829727,[],[]
312,3,FuseConfig.DEPTH_FEATS_ATTN,False,Vision_Random,2,wrist+wrist_depth,2000,False,False,0.09153651742794702,0.09153651742794702,0.06764830319629572,0.0674134118475219,[],[]
313,3,FuseConfig.DEPTH_FEATS_ATTN,False,Vision_Random,3,wrist+wrist_depth,2000,False,False,0.2393504434016221,0.2085966689018888,0.30128890088065163,0.19988142927327954,[],[]
314,3,FuseConfig.DEPTH_FEATS_ATTN,False,Vision_Random,4,wrist+wrist_depth,2000,False,False,0.2465509742341744,0.20625952471179307,0.3491264964044344,0.2362456562608824,[],[]
315,3,FuseConfig.DEPTH_FEATS_ATTN,False,Vision_Random,5,wrist+wrist_depth,2000,False,False,0.2479771162396339,0.2168280093206788,0.24991470755489562,0.13391166313745498,[],[]
316,3,FuseConfig.DEPTH_FEATS_ATTN,False,Vision_Random,6,wrist+wrist_depth,2000,False,False,0.2026678398905194,0.2026678398905194,0.3527968663528953,0.23143808917417732,[],[]
317,3,FuseConfig.DEPTH_FEATS_ATTN,False,Vision_Random,7,wrist+wrist_depth,2000,False,False,0.4481654874352579,0.4352483306013061,0.07071559358826228,0.06525048662344642,[],[]
318,3,FuseConfig.DEPTH_FEATS_ATTN,False,Vision_Random,8,wrist+wrist_depth,2000,False,False,0.13807150585064887,0.11740711183317819,0.28659883212114523,0.09252911439460611,[],[]
319,3,FuseConfig.DEPTH_FEATS_ATTN,False,Vision_Random,9,wrist+wrist_depth,2000,False,False,0.09424484172127084,0.0876714368082859,0.06323688889549599,0.06323688889549599,[],[]
320,3,FuseConfig.DEPTH_FEATS_ATTN,True,Vision_Random,,l_shoulder+r_shoulder,2000,,,,,,,,
321,3,FuseConfig.DEPTH_FEATS_ATTN,True,Vision_Random,,l_shoulder+r_shoulder,2000,,,,,,,,
322,3,FuseConfig.DEPTH_FEATS_ATTN,True,Vision_Random,,l_shoulder+r_shoulder,2000,,,,,,,,
323,3,FuseConfig.DEPTH_FEATS_ATTN,True,Vision_Random,,l_shoulder+r_shoulder,2000,,,,,,,,
324,3,FuseConfig.DEPTH_FEATS_ATTN,True,Vision_Random,,l_shoulder+r_shoulder,2000,,,,,,,,
325,3,FuseConfig.DEPTH_FEATS_ATTN,True,Vision_Random,,l_shoulder+r_shoulder,2000,,,,,,,,
326,3,FuseConfig.DEPTH_FEATS_ATTN,True,Vision_Random,,l_shoulder+r_shoulder,2000,,,,,,,,
327,3,FuseConfig.DEPTH_FEATS_ATTN,True,Vision_Random,,l_shoulder+r_shoulder,2000,,,,,,,,
328,3,FuseConfig.DEPTH_FEATS_ATTN,True,Vision_Random,,l_shoulder+r_shoulder,2000,,,,,,,,
329,3,FuseConfig.DEPTH_FEATS_ATTN,True,Vision_Random,,l_shoulder+r_shoulder,2000,,,,,,,,
330,3,FuseConfig.DEPTH_FEATS_ATTN,True,Vision_Random,,wrist+l_shoulder+r_shoulder,2000,,,,,,,,
331,3,FuseConfig.DEPTH_FEATS_ATTN,True,Vision_Random,,wrist+l_shoulder+r_shoulder,2000,,,,,,,,
332,3,FuseConfig.DEPTH_FEATS_ATTN,True,Vision_Random,,wrist+l_shoulder+r_shoulder,2000,,,,,,,,
333,3,FuseConfig.DEPTH_FEATS_ATTN,True,Vision_Random,,wrist+l_shoulder+r_shoulder,2000,,,,,,,,
334,3,FuseConfig.DEPTH_FEATS_ATTN,True,Vision_Random,,wrist+l_shoulder+r_shoulder,2000,,,,,,,,
335,3,FuseConfig.DEPTH_FEATS_ATTN,True,Vision_Random,,wrist+l_shoulder+r_shoulder,2000,,,,,,,,
336,3,FuseConfig.DEPTH_FEATS_ATTN,True,Vision_Random,,wrist+l_shoulder+r_shoulder,2000,,,,,,,,
337,3,FuseConfig.DEPTH_FEATS_ATTN,True,Vision_Random,,wrist+l_shoulder+r_shoulder,2000,,,,,,,,
338,3,FuseConfig.DEPTH_FEATS_ATTN,True,Vision_Random,,wrist+l_shoulder+r_shoulder,2000,,,,,,,,
339,3,FuseConfig.DEPTH_FEATS_ATTN,True,Vision_Random,,wrist+l_shoulder+r_shoulder,2000,,,,,,,,
340,3,FuseConfig.DEPTH_FEATS_ATTN,False,Vision_Random,0,wrist+l_shoulder+r_shoulder+wrist_depth,2000,True,False,0.08258979139890059,0.08258979139890059,0.09427655523603107,0.06591443201218887,['outputs/run-grasp-with-agent/_June07_08-47'],[]
341,3,FuseConfig.DEPTH_FEATS_ATTN,False,Vision_Random,1,wrist+l_shoulder+r_shoulder+wrist_depth,2000,False,False,0.0797409245757294,0.07844188453754843,0.2691082032170782,0.09499200760469827,[],[]
342,3,FuseConfig.DEPTH_FEATS_ATTN,False,Vision_Random,2,wrist+l_shoulder+r_shoulder+wrist_depth,2000,False,False,0.20363898336534178,0.19630272900479065,0.05544403641832557,0.052626412107585285,[],[]
343,3,FuseConfig.DEPTH_FEATS_ATTN,False,Vision_Random,3,wrist+l_shoulder+r_shoulder+wrist_depth,2000,True,False,0.0845407494590759,0.0842932266043363,0.3565474358397579,0.17061110861366605,['outputs/run-grasp-with-agent/_June07_08-47'],[]
344,3,FuseConfig.DEPTH_FEATS_ATTN,False,Vision_Random,4,wrist+l_shoulder+r_shoulder+wrist_depth,2000,False,False,0.07998386299632881,0.07586618610237095,0.3908056199058612,0.20694027994952816,[],[]
345,3,FuseConfig.DEPTH_FEATS_ATTN,False,Vision_Random,5,wrist+l_shoulder+r_shoulder+wrist_depth,2000,False,False,0.08233352317298415,0.07662582583494823,0.3159790857439515,0.11219467043932876,[],[]
346,3,FuseConfig.DEPTH_FEATS_ATTN,False,Vision_Random,6,wrist+l_shoulder+r_shoulder+wrist_depth,2000,False,False,0.08199414812452226,0.07738324212417584,0.4006373058424287,0.19627082238836666,[],[]
347,3,FuseConfig.DEPTH_FEATS_ATTN,False,Vision_Random,7,wrist+l_shoulder+r_shoulder+wrist_depth,2000,False,False,0.39387561571016516,0.26475766143979246,0.06815883872985315,0.06610328698997513,[],[]
348,3,FuseConfig.DEPTH_FEATS_ATTN,False,Vision_Random,8,wrist+l_shoulder+r_shoulder+wrist_depth,2000,False,False,0.0831790036239971,0.08216689848413429,0.24232102459168203,0.10646736865702414,[],[]
349,3,FuseConfig.DEPTH_FEATS_ATTN,False,Vision_Random,9,wrist+l_shoulder+r_shoulder+wrist_depth,2000,True,False,0.08217046457794333,0.08217046457794333,0.05084727677740875,0.04851338692476234,['outputs/run-grasp-with-agent/_June07_08-47'],[]
