,task_name,cam_type,epochs,demo_count,max_eplens,done_count,min_distance,final_distance,dataset_type
0,ReachObs_Random,wrist,50,10,"[79, 79, 79, 79, 79, 79, 79, 79, 79, 79]",0,0.39369235995215596,0.4126110358786014,demo
1,ReachObs_Random,wrist,100,10,"[79, 79, 79, 79, 79, 79, 79, 79, 79, 79]",0,0.3960986502032198,0.4189961439047126,demo
2,ReachObs_Random,wrist,200,10,"[79, 79, 79, 79, 79, 79, 79, 79, 79, 79]",0,0.49733285190504023,0.9676889838394699,demo
3,ReachObs_Random,wrist,500,10,"[79, 79, 79, 79, 79, 79, 79, 79, 79, 79]",0,0.4282187362145583,0.7969884838318834,demo
4,ReachObs_Random,wrist,1000,10,"[79, 79, 79, 79, 79, 79, 79, 79, 79, 79]",0,0.41164181555345614,0.6200659670315061,demo
5,ReachObs_Random,wrist,2000,10,"[79, 79, 79, 79, 79, 79, 79, 79, 79, 79]",0,0.4632112811165895,0.7907634410949093,demo
6,ReachObs_Random,wrist,5000,10,"[79, 79, 79, 79, 79, 79, 79, 79, 79, 79]",0,0.43933320571227547,0.9117111315076658,demo
7,ReachObs_Random,l_shoulder,50,10,"[79, 79, 79, 79, 79, 79, 79, 79, 79, 79]",0,0.3862305855709093,0.40224004095752786,demo
8,ReachObs_Random,l_shoulder,100,10,"[79, 79, 79, 79, 79, 79, 79, 79, 79, 79]",0,0.38720475835057694,0.41190804759538774,demo
9,ReachObs_Random,l_shoulder,200,10,"[79, 79, 79, 79, 79, 79, 79, 79, 79, 79]",2,0.3412570768735333,0.4190852432197446,demo
10,ReachObs_Random,l_shoulder,500,10,"[79, 79, 79, 79, 79, 79, 79, 79, 79, 79]",5,0.18536078296337352,0.2388418193112048,demo
11,ReachObs_Random,l_shoulder,1000,10,"[79, 79, 79, 79, 79, 79, 79, 79, 79, 79]",6,0.1707860600284962,0.18605678313050786,demo
12,ReachObs_Random,l_shoulder,2000,10,"[79, 79, 79, 79, 79, 79, 79, 79, 79, 79]",4,0.25178780709550663,0.33960753226117635,demo
13,ReachObs_Random,l_shoulder,5000,10,"[79, 79, 79, 79, 79, 79, 79, 79, 79, 79]",5,0.202741777082129,0.23453636424976726,demo
14,ReachObs_Random,r_shoulder,50,10,"[79, 79, 79, 79, 79, 79, 79, 79, 79, 79]",0,0.3869422230441658,0.40852816170421924,demo
15,ReachObs_Random,r_shoulder,100,10,"[79, 79, 79, 79, 79, 79, 79, 79, 79, 79]",0,0.3895984930175166,0.4105366589467893,demo
16,ReachObs_Random,r_shoulder,200,10,"[79, 79, 79, 79, 79, 79, 79, 79, 79, 79]",0,0.3848693809863331,0.39932625956790213,demo
17,ReachObs_Random,r_shoulder,500,10,"[79, 79, 79, 79, 79, 79, 79, 79, 79, 79]",1,0.33322430847790524,0.40588307741754565,demo
18,ReachObs_Random,r_shoulder,1000,10,"[79, 79, 79, 79, 79, 79, 79, 79, 79, 79]",3,0.30526124140553923,0.38367026520778247,demo
19,ReachObs_Random,r_shoulder,2000,10,"[79, 79, 79, 79, 79, 79, 79, 79, 79, 79]",1,0.3949339425103732,0.561286116572615,demo
20,ReachObs_Random,r_shoulder,5000,10,"[79, 79, 79, 79, 79, 79, 79, 79, 79, 79]",3,0.34519454576560965,0.5053339633166061,demo
21,ReachObs_Random,wrist+l_shoulder+r_shoulder,50,10,"[79, 79, 79, 79, 79, 79, 79, 79, 79, 79]",0,0.3860719134090879,0.4073207012639698,demo
22,ReachObs_Random,wrist+l_shoulder+r_shoulder,100,10,"[79, 79, 79, 79, 79, 79, 79, 79, 79, 79]",0,0.3916502683537545,0.4260235191751027,demo
23,ReachObs_Random,wrist+l_shoulder+r_shoulder,200,10,"[79, 79, 79, 79, 79, 79, 79, 79, 79, 79]",1,0.20366713454768273,0.20844888558900504,demo
24,ReachObs_Random,wrist+l_shoulder+r_shoulder,500,10,"[79, 79, 79, 79, 79, 79, 79, 79, 79, 79]",8,0.16441322404715025,0.22012982079074123,demo
25,ReachObs_Random,wrist+l_shoulder+r_shoulder,1000,10,"[79, 79, 79, 79, 79, 79, 79, 79, 79, 79]",5,0.32253874538032984,0.4903735924181734,demo
26,ReachObs_Random,wrist+l_shoulder+r_shoulder,2000,10,"[79, 79, 79, 79, 79, 79, 79, 79, 79, 79]",5,0.19607513762278087,0.22007288452838297,demo
27,ReachObs_Random,wrist+l_shoulder+r_shoulder,5000,10,"[79, 79, 79, 79, 79, 79, 79, 79, 79, 79]",3,0.2610983595521109,0.4405352234390592,demo
28,ReachObs_Random,wrist+r_shoulder,50,10,"[79, 79, 79, 79, 79, 79, 79, 79, 79, 79]",0,0.39838032428832304,0.4218606947023753,demo
29,ReachObs_Random,wrist+r_shoulder,100,10,"[79, 79, 79, 79, 79, 79, 79, 79, 79, 79]",0,0.39318054838641603,0.41601774457083723,demo
30,ReachObs_Random,wrist+r_shoulder,200,10,"[79, 79, 79, 79, 79, 79, 79, 79, 79, 79]",0,0.3557819297843032,0.4126553136143315,demo
31,ReachObs_Random,wrist+r_shoulder,500,10,"[79, 79, 79, 79, 79, 79, 79, 79, 79, 79]",1,0.40919737969798337,0.7324464430365706,demo
32,ReachObs_Random,wrist+r_shoulder,1000,10,"[79, 79, 79, 79, 79, 79, 79, 79, 79, 79]",0,0.5052714993756717,0.8980200612686602,demo
33,ReachObs_Random,wrist+r_shoulder,2000,10,"[79, 79, 79, 79, 79, 79, 79, 79, 79, 79]",0,0.37680307420475745,0.5977501344619995,demo
34,ReachObs_Random,wrist+r_shoulder,5000,10,"[79, 79, 79, 79, 79, 79, 79, 79, 79, 79]",2,0.35176803016994407,0.5654767157050022,demo
35,ReachObs_Random,wrist+l_shoulder,50,10,"[79, 79, 79, 79, 79, 79, 79, 79, 79, 79]",0,0.3928755554081026,0.41153895965788106,demo
36,ReachObs_Random,wrist+l_shoulder,100,10,"[79, 79, 79, 79, 79, 79, 79, 79, 79, 79]",0,0.3866343580026777,0.4116381170217293,demo
37,ReachObs_Random,wrist+l_shoulder,200,10,"[79, 79, 79, 79, 79, 79, 79, 79, 79, 79]",0,0.39542937508121334,0.39635760072323606,demo
38,ReachObs_Random,wrist+l_shoulder,500,10,"[79, 79, 79, 79, 79, 79, 79, 79, 79, 79]",5,0.21467853226493133,0.40979123080412483,demo
39,ReachObs_Random,wrist+l_shoulder,1000,10,"[79, 79, 79, 79, 79, 79, 79, 79, 79, 79]",3,0.39139208217320537,0.5240925115405168,demo
40,ReachObs_Random,wrist+l_shoulder,2000,10,"[79, 79, 79, 79, 79, 79, 79, 79, 79, 79]",7,0.16356326703872118,0.17084031802476937,demo
41,ReachObs_Random,wrist+l_shoulder,5000,10,"[79, 79, 79, 79, 79, 79, 79, 79, 79, 79]",5,0.2878814299078497,0.44581374669808327,demo
42,ReachObs_Random,l_shoulder+r_shoulder,50,10,"[79, 79, 79, 79, 79, 79, 79, 79, 79, 79]",0,0.3916309182721733,0.411233015944488,demo
43,ReachObs_Random,l_shoulder+r_shoulder,100,10,"[79, 79, 79, 79, 79, 79, 79, 79, 79, 79]",0,0.3899582944901584,0.40721715029462924,demo
44,ReachObs_Random,l_shoulder+r_shoulder,200,10,"[79, 79, 79, 79, 79, 79, 79, 79, 79, 79]",0,0.5173736239534588,0.6196740324571872,demo
45,ReachObs_Random,l_shoulder+r_shoulder,500,10,"[79, 79, 79, 79, 79, 79, 79, 79, 79, 79]",1,0.3988983623704855,0.5918426803860231,demo
46,ReachObs_Random,l_shoulder+r_shoulder,1000,10,"[79, 79, 79, 79, 79, 79, 79, 79, 79, 79]",4,0.3205407351553591,0.49835455599440187,demo
47,ReachObs_Random,l_shoulder+r_shoulder,2000,10,"[79, 79, 79, 79, 79, 79, 79, 79, 79, 79]",2,0.3616868748883365,0.5109855156735189,demo
48,ReachObs_Random,l_shoulder+r_shoulder,5000,10,"[79, 79, 79, 79, 79, 79, 79, 79, 79, 79]",1,0.4674575136541256,0.6101194543059417,demo
49,ReachObs_Random,wrist,50,20,"[79, 79, 79, 79, 79, 79, 79, 79, 79, 79]",0,0.40388558774674505,0.4224929186932315,demo
50,ReachObs_Random,wrist,100,20,"[79, 79, 79, 79, 79, 79, 79, 79, 79, 79]",0,0.3793265311141364,0.3793911891929243,demo
51,ReachObs_Random,wrist,200,20,"[79, 79, 79, 79, 79, 79, 79, 79, 79, 79]",0,0.4652289494392412,0.6259968268872563,demo
52,ReachObs_Random,wrist,500,20,"[79, 79, 79, 79, 79, 79, 79, 79, 79, 79]",3,0.32966449977227347,0.6437752863872596,demo
53,ReachObs_Random,wrist,1000,20,"[79, 79, 79, 79, 79, 79, 79, 79, 79, 79]",0,0.4333983318461416,0.7457341308508594,demo
54,ReachObs_Random,wrist,2000,20,"[79, 79, 79, 79, 79, 79, 79, 79, 79, 79]",0,0.4300096580343902,0.7448408517094143,demo
55,ReachObs_Random,wrist,5000,20,"[79, 79, 79, 79, 79, 79, 79, 79, 79, 79]",0,0.41843267298462383,0.6811750860040351,demo
56,ReachObs_Random,l_shoulder,50,20,"[79, 79, 79, 79, 79, 79, 79, 79, 79, 79]",0,0.3947420520283579,0.4142108609938343,demo
57,ReachObs_Random,l_shoulder,100,20,"[79, 79, 79, 79, 79, 79, 79, 79, 79, 79]",3,0.20594786887739178,0.206407237883571,demo
58,ReachObs_Random,l_shoulder,200,20,"[79, 79, 79, 79, 79, 79, 79, 79, 79, 79]",2,0.44465758272911693,0.5167559875604719,demo
59,ReachObs_Random,l_shoulder,500,20,"[79, 79, 79, 79, 79, 79, 79, 79, 79, 79]",4,0.35312561170793016,0.5024284801942691,demo
60,ReachObs_Random,l_shoulder,1000,20,"[79, 79, 79, 79, 79, 79, 79, 79, 79, 79]",5,0.2897274765413912,0.4120450431630731,demo
61,ReachObs_Random,l_shoulder,2000,20,"[79, 79, 79, 79, 79, 79, 79, 79, 79, 79]",4,0.2577477428019644,0.34073681173683423,demo
62,ReachObs_Random,l_shoulder,5000,20,"[79, 79, 79, 79, 79, 79, 79, 79, 79, 79]",5,0.19412944718317035,0.20927891552092945,demo
63,ReachObs_Random,r_shoulder,50,20,"[79, 79, 79, 79, 79, 79, 79, 79, 79, 79]",0,0.38830512362094466,0.40607719571540696,demo
64,ReachObs_Random,r_shoulder,100,20,"[79, 79, 79, 79, 79, 79, 79, 79, 79, 79]",0,0.3533237636627812,0.3763784320211855,demo
65,ReachObs_Random,r_shoulder,200,20,"[79, 79, 79, 79, 79, 79, 79, 79, 79, 79]",0,0.28421308652220134,0.3494754562393848,demo
66,ReachObs_Random,r_shoulder,500,20,"[79, 79, 79, 79, 79, 79, 79, 79, 79, 79]",3,0.22229730286946064,0.24027459576831428,demo
67,ReachObs_Random,r_shoulder,1000,20,"[79, 79, 79, 79, 79, 79, 79, 79, 79, 79]",4,0.232965787511356,0.2914169549863609,demo
68,ReachObs_Random,r_shoulder,2000,20,"[79, 79, 79, 79, 79, 79, 79, 79, 79, 79]",3,0.2706409287387166,0.39204235407447846,demo
69,ReachObs_Random,r_shoulder,5000,20,"[79, 79, 79, 79, 79, 79, 79, 79, 79, 79]",5,0.23465477219313474,0.23675394908036324,demo
70,ReachObs_Random,wrist+l_shoulder+r_shoulder,50,20,"[79, 79, 79, 79, 79, 79, 79, 79, 79, 79]",0,0.3864246336480401,0.4072218116583226,demo
71,ReachObs_Random,wrist+l_shoulder+r_shoulder,100,20,"[79, 79, 79, 79, 79, 79, 79, 79, 79, 79]",4,0.41189624879449604,0.50322715510529,demo
72,ReachObs_Random,wrist+l_shoulder+r_shoulder,200,20,"[79, 79, 79, 79, 79, 79, 79, 79, 79, 79]",9,0.1090828136986038,0.13334127613544672,demo
73,ReachObs_Random,wrist+l_shoulder+r_shoulder,500,20,"[79, 79, 79, 79, 79, 79, 79, 79, 79, 79]",9,0.10761723750147248,0.11752516194362064,demo
74,ReachObs_Random,wrist+l_shoulder+r_shoulder,1000,20,"[79, 79, 79, 79, 79, 79, 79, 79, 79, 79]",8,0.1061243145769489,0.11540072709341435,demo
75,ReachObs_Random,wrist+l_shoulder+r_shoulder,2000,20,"[79, 79, 79, 79, 79, 79, 79, 79, 79, 79]",8,0.11160257856106534,0.15407189596079385,demo
76,ReachObs_Random,wrist+l_shoulder+r_shoulder,5000,20,"[79, 79, 79, 79, 79, 79, 79, 79, 79, 79]",3,0.33376798401341,0.5051317576080467,demo
77,ReachObs_Random,wrist+r_shoulder,50,20,"[79, 79, 79, 79, 79, 79, 79, 79, 79, 79]",0,0.39545621592639135,0.4118177411667639,demo
78,ReachObs_Random,wrist+r_shoulder,100,20,"[79, 79, 79, 79, 79, 79, 79, 79, 79, 79]",0,0.4396211427821468,0.5831512772035536,demo
79,ReachObs_Random,wrist+r_shoulder,200,20,"[79, 79, 79, 79, 79, 79, 79, 79, 79, 79]",0,0.492664242223963,0.8471423603411921,demo
80,ReachObs_Random,wrist+r_shoulder,500,20,"[79, 79, 79, 79, 79, 79, 79, 79, 79, 79]",0,0.4276681812988897,0.6438665836598161,demo
81,ReachObs_Random,wrist+r_shoulder,1000,20,"[79, 79, 79, 79, 79, 79, 79, 79, 79, 79]",4,0.34199913964729,0.5621202570591907,demo
82,ReachObs_Random,wrist+r_shoulder,2000,20,"[79, 79, 79, 79, 79, 79, 79, 79, 79, 79]",0,0.46439340861008754,0.7854579785913671,demo
83,ReachObs_Random,wrist+r_shoulder,5000,20,"[79, 79, 79, 79, 79, 79, 79, 79, 79, 79]",1,0.47276705267731967,0.747639166822587,demo
84,ReachObs_Random,wrist+l_shoulder,50,20,"[79, 79, 79, 79, 79, 79, 79, 79, 79, 79]",0,0.387411421632967,0.407700912880186,demo
85,ReachObs_Random,wrist+l_shoulder,100,20,"[79, 79, 79, 79, 79, 79, 79, 79, 79, 79]",4,0.36520003171583426,0.5504939081041315,demo
86,ReachObs_Random,wrist+l_shoulder,200,20,"[79, 79, 79, 79, 79, 79, 79, 79, 79, 79]",3,0.3075340602855109,0.43848710157390497,demo
87,ReachObs_Random,wrist+l_shoulder,500,20,"[79, 79, 79, 79, 79, 79, 79, 79, 79, 79]",3,0.33937900859368875,0.5872672915646429,demo
88,ReachObs_Random,wrist+l_shoulder,1000,20,"[79, 79, 79, 79, 79, 79, 79, 79, 79, 79]",4,0.2749696103716369,0.37999166302333454,demo
89,ReachObs_Random,wrist+l_shoulder,2000,20,"[79, 79, 79, 79, 79, 79, 79, 79, 79, 79]",9,0.12355329536481277,0.13170309085191664,demo
90,ReachObs_Random,wrist+l_shoulder,5000,20,"[79, 79, 79, 79, 79, 79, 79, 79, 79, 79]",4,0.2924076552212505,0.3695179415745628,demo
91,ReachObs_Random,l_shoulder+r_shoulder,50,20,"[79, 79, 79, 79, 79, 79, 79, 79, 79, 79]",0,0.3915458775156691,0.4094235076262683,demo
92,ReachObs_Random,l_shoulder+r_shoulder,100,20,"[79, 79, 79, 79, 79, 79, 79, 79, 79, 79]",3,0.39319273562453494,0.49938256545773585,demo
93,ReachObs_Random,l_shoulder+r_shoulder,200,20,"[79, 79, 79, 79, 79, 79, 79, 79, 79, 79]",2,0.5398634605044034,0.7813107653335791,demo
94,ReachObs_Random,l_shoulder+r_shoulder,500,20,"[79, 79, 79, 79, 79, 79, 79, 79, 79, 79]",3,0.38133935614080794,0.4756627195974404,demo
95,ReachObs_Random,l_shoulder+r_shoulder,1000,20,"[79, 79, 79, 79, 79, 79, 79, 79, 79, 79]",6,0.1561464557225575,0.1595804538667985,demo
96,ReachObs_Random,l_shoulder+r_shoulder,2000,20,"[79, 79, 79, 79, 79, 79, 79, 79, 79, 79]",7,0.16716040081086833,0.16836792339840004,demo
97,ReachObs_Random,l_shoulder+r_shoulder,5000,20,"[79, 79, 79, 79, 79, 79, 79, 79, 79, 79]",6,0.13757069086109697,0.13785093743060145,demo
98,ReachObs_IndRandom,wrist,50,10,"[77, 77, 77, 77, 77, 77, 77, 77, 77, 77]",0,0.5090217880676403,1.0240129299321956,obs
99,ReachObs_IndRandom,wrist,100,10,"[77, 77, 77, 77, 77, 77, 77, 77, 77, 77]",0,0.5389806800579285,0.7519385615396285,obs
100,ReachObs_IndRandom,wrist,200,10,"[77, 77, 77, 77, 77, 77, 77, 77, 77, 77]",0,0.5721564058513768,0.9347394341925979,obs
101,ReachObs_IndRandom,wrist,500,10,"[77, 77, 77, 77, 77, 77, 77, 77, 77, 77]",1,0.4169974586310439,0.5945500894415436,obs
102,ReachObs_IndRandom,wrist,1000,10,"[77, 77, 77, 77, 77, 77, 77, 77, 77, 77]",0,0.44222736879931357,0.6518095131798816,obs
103,ReachObs_IndRandom,wrist,2000,10,"[77, 77, 77, 77, 77, 77, 77, 77, 77, 77]",0,0.5125249387017082,0.8003081718540747,obs
104,ReachObs_IndRandom,wrist,5000,10,"[77, 77, 77, 77, 77, 77, 77, 77, 77, 77]",0,0.4976915183887754,0.5900278618567605,obs
105,ReachObs_IndRandom,l_shoulder,50,10,"[77, 77, 77, 77, 77, 77, 77, 77, 77, 77]",0,0.3668475576581336,0.4170348025618404,obs
106,ReachObs_IndRandom,l_shoulder,100,10,"[77, 77, 77, 77, 77, 77, 77, 77, 77, 77]",4,0.21953375591520197,0.24135077812929828,obs
107,ReachObs_IndRandom,l_shoulder,200,10,"[77, 77, 77, 77, 77, 77, 77, 77, 77, 77]",1,0.2807389146216046,0.2976806277390092,obs
108,ReachObs_IndRandom,l_shoulder,500,10,"[77, 77, 77, 77, 77, 77, 77, 77, 77, 77]",5,0.18287815392553966,0.19721655578870595,obs
109,ReachObs_IndRandom,l_shoulder,1000,10,"[77, 77, 77, 77, 77, 77, 77, 77, 77, 77]",3,0.24261247845833395,0.2739849130789529,obs
110,ReachObs_IndRandom,l_shoulder,2000,10,"[77, 77, 77, 77, 77, 77, 77, 77, 77, 77]",0,0.40248181205165173,0.4133358341034792,obs
111,ReachObs_IndRandom,l_shoulder,5000,10,"[77, 77, 77, 77, 77, 77, 77, 77, 77, 77]",2,0.24960368435905145,0.2998441330372182,obs
112,ReachObs_IndRandom,r_shoulder,50,10,"[77, 77, 77, 77, 77, 77, 77, 77, 77, 77]",1,0.3002386285277528,0.3019120882345122,obs
113,ReachObs_IndRandom,r_shoulder,100,10,"[77, 77, 77, 77, 77, 77, 77, 77, 77, 77]",2,0.30542066659542816,0.3310048704493136,obs
114,ReachObs_IndRandom,r_shoulder,200,10,"[77, 77, 77, 77, 77, 77, 77, 77, 77, 77]",2,0.2495407934360503,0.2665925585236597,obs
115,ReachObs_IndRandom,r_shoulder,500,10,"[77, 77, 77, 77, 77, 77, 77, 77, 77, 77]",1,0.26704017836132954,0.30039870922988055,obs
116,ReachObs_IndRandom,r_shoulder,1000,10,"[77, 77, 77, 77, 77, 77, 77, 77, 77, 77]",2,0.2583894418527436,0.2648144790355619,obs
117,ReachObs_IndRandom,r_shoulder,2000,10,"[77, 77, 77, 77, 77, 77, 77, 77, 77, 77]",1,0.280321744115322,0.3266622000372462,obs
118,ReachObs_IndRandom,r_shoulder,5000,10,"[77, 77, 77, 77, 77, 77, 77, 77, 77, 77]",1,0.4555193049556941,0.5703519431698127,obs
119,ReachObs_IndRandom,wrist+l_shoulder+r_shoulder,50,10,"[77, 77, 77, 77, 77, 77, 77, 77, 77, 77]",0,0.2984730748979822,0.30889150659872816,obs
120,ReachObs_IndRandom,wrist+l_shoulder+r_shoulder,100,10,"[77, 77, 77, 77, 77, 77, 77, 77, 77, 77]",3,0.2695150886409405,0.3343748060196196,obs
121,ReachObs_IndRandom,wrist+l_shoulder+r_shoulder,200,10,"[77, 77, 77, 77, 77, 77, 77, 77, 77, 77]",0,0.608588851766568,1.045164686276435,obs
122,ReachObs_IndRandom,wrist+l_shoulder+r_shoulder,500,10,"[77, 77, 77, 77, 77, 77, 77, 77, 77, 77]",1,0.4820782145948764,0.5391463450499534,obs
123,ReachObs_IndRandom,wrist+l_shoulder+r_shoulder,1000,10,"[77, 77, 77, 77, 77, 77, 77, 77, 77, 77]",2,0.20222488635749886,0.23024027143302428,obs
124,ReachObs_IndRandom,wrist+l_shoulder+r_shoulder,2000,10,"[77, 77, 77, 77, 77, 77, 77, 77, 77, 77]",0,0.31200767640478755,0.34444358752649856,obs
125,ReachObs_IndRandom,wrist+l_shoulder+r_shoulder,5000,10,"[77, 77, 77, 77, 77, 77, 77, 77, 77, 77]",3,0.3324430201052732,0.3949050601836853,obs
126,ReachObs_IndRandom,wrist+r_shoulder,50,10,"[77, 77, 77, 77, 77, 77, 77, 77, 77, 77]",0,0.4181714692917856,0.4906512308280342,obs
127,ReachObs_IndRandom,wrist+r_shoulder,100,10,"[77, 77, 77, 77, 77, 77, 77, 77, 77, 77]",0,0.4748899265139947,0.7995883575258473,obs
128,ReachObs_IndRandom,wrist+r_shoulder,200,10,"[77, 77, 77, 77, 77, 77, 77, 77, 77, 77]",0,0.5690824669568824,0.7822575286932785,obs
129,ReachObs_IndRandom,wrist+r_shoulder,500,10,"[77, 77, 77, 77, 77, 77, 77, 77, 77, 77]",0,0.4231840046342077,0.45201136830897715,obs
130,ReachObs_IndRandom,wrist+r_shoulder,1000,10,"[77, 77, 77, 77, 77, 77, 77, 77, 77, 77]",2,0.3123631772969711,0.37587466290286387,obs
131,ReachObs_IndRandom,wrist+r_shoulder,2000,10,"[77, 77, 77, 77, 77, 77, 77, 77, 77, 77]",1,0.4603037894499442,0.5555335522650098,obs
132,ReachObs_IndRandom,wrist+r_shoulder,5000,10,"[77, 77, 77, 77, 77, 77, 77, 77, 77, 77]",2,0.3279997332662409,0.4107023992637844,obs
133,ReachObs_IndRandom,wrist+l_shoulder,50,10,"[77, 77, 77, 77, 77, 77, 77, 77, 77, 77]",1,0.33999413732828565,0.4115244304288341,obs
134,ReachObs_IndRandom,wrist+l_shoulder,100,10,"[77, 77, 77, 77, 77, 77, 77, 77, 77, 77]",2,0.3840302718665134,0.44281794605612834,obs
135,ReachObs_IndRandom,wrist+l_shoulder,200,10,"[77, 77, 77, 77, 77, 77, 77, 77, 77, 77]",2,0.378781400220529,0.5083091947154199,obs
136,ReachObs_IndRandom,wrist+l_shoulder,500,10,"[77, 77, 77, 77, 77, 77, 77, 77, 77, 77]",0,0.428985490634875,0.6158549601065892,obs
137,ReachObs_IndRandom,wrist+l_shoulder,1000,10,"[77, 77, 77, 77, 77, 77, 77, 77, 77, 77]",1,0.31081498857827805,0.4077496647130083,obs
138,ReachObs_IndRandom,wrist+l_shoulder,2000,10,"[77, 77, 77, 77, 77, 77, 77, 77, 77, 77]",2,0.4023443800544567,0.5417654517020128,obs
139,ReachObs_IndRandom,wrist+l_shoulder,5000,10,"[77, 77, 77, 77, 77, 77, 77, 77, 77, 77]",3,0.38783213411063666,0.532326435131669,obs
140,ReachObs_IndRandom,l_shoulder+r_shoulder,50,10,"[77, 77, 77, 77, 77, 77, 77, 77, 77, 77]",2,0.2428968636432547,0.25048512349747165,obs
141,ReachObs_IndRandom,l_shoulder+r_shoulder,100,10,"[77, 77, 77, 77, 77, 77, 77, 77, 77, 77]",1,0.4758004948879192,0.6585742015914532,obs
142,ReachObs_IndRandom,l_shoulder+r_shoulder,200,10,"[77, 77, 77, 77, 77, 77, 77, 77, 77, 77]",0,0.4234968089808202,0.4508106337172463,obs
143,ReachObs_IndRandom,l_shoulder+r_shoulder,500,10,"[77, 77, 77, 77, 77, 77, 77, 77, 77, 77]",5,0.20781937999002106,0.21457209135843064,obs
144,ReachObs_IndRandom,l_shoulder+r_shoulder,1000,10,"[77, 77, 77, 77, 77, 77, 77, 77, 77, 77]",2,0.20868459876038054,0.23586921180773332,obs
145,ReachObs_IndRandom,l_shoulder+r_shoulder,2000,10,"[77, 77, 77, 77, 77, 77, 77, 77, 77, 77]",1,0.2865784711505581,0.2979426397868775,obs
146,ReachObs_IndRandom,l_shoulder+r_shoulder,5000,10,"[77, 77, 77, 77, 77, 77, 77, 77, 77, 77]",2,0.26246969518157137,0.2708642028166409,obs
147,ReachObs_IndRandom,wrist,50,20,"[77, 77, 77, 77, 77, 77, 77, 77, 77, 77]",0,0.5119681350029178,0.724573187842126,obs
148,ReachObs_IndRandom,wrist,100,20,"[77, 77, 77, 77, 77, 77, 77, 77, 77, 77]",0,0.5132367604440349,0.75297795896259,obs
149,ReachObs_IndRandom,wrist,200,20,"[77, 77, 77, 77, 77, 77, 77, 77, 77, 77]",0,0.39232407580522005,0.5796976422340095,obs
150,ReachObs_IndRandom,wrist,500,20,"[77, 77, 77, 77, 77, 77, 77, 77, 77, 77]",0,0.4330982560909846,0.46186705117928434,obs
151,ReachObs_IndRandom,wrist,1000,20,"[77, 77, 77, 77, 77, 77, 77, 77, 77, 77]",0,0.4214172304530025,0.5323636864297654,obs
152,ReachObs_IndRandom,wrist,2000,20,"[77, 77, 77, 77, 77, 77, 77, 77, 77, 77]",0,0.4690072840668941,0.6588327984988552,obs
153,ReachObs_IndRandom,wrist,5000,20,"[77, 77, 77, 77, 77, 77, 77, 77, 77, 77]",0,0.4446265578729175,0.474176483271583,obs
154,ReachObs_IndRandom,l_shoulder,50,20,"[77, 77, 77, 77, 77, 77, 77, 77, 77, 77]",0,0.3802764930118654,0.3980397868494203,obs
155,ReachObs_IndRandom,l_shoulder,100,20,"[77, 77, 77, 77, 77, 77, 77, 77, 77, 77]",3,0.17420503232211232,0.20231205936234345,obs
156,ReachObs_IndRandom,l_shoulder,200,20,"[77, 77, 77, 77, 77, 77, 77, 77, 77, 77]",0,0.43377871169578575,0.4610684302109145,obs
157,ReachObs_IndRandom,l_shoulder,500,20,"[77, 77, 77, 77, 77, 77, 77, 77, 77, 77]",3,0.20058944783609295,0.2168056780815232,obs
158,ReachObs_IndRandom,l_shoulder,1000,20,"[77, 77, 77, 77, 77, 77, 77, 77, 77, 77]",6,0.13886782433416034,0.13886782433416034,obs
159,ReachObs_IndRandom,l_shoulder,2000,20,"[77, 77, 77, 77, 77, 77, 77, 77, 77, 77]",0,0.4332687038458446,0.4561489714438235,obs
160,ReachObs_IndRandom,l_shoulder,5000,20,"[77, 77, 77, 77, 77, 77, 77, 77, 77, 77]",2,0.25940075886803393,0.3081315338327858,obs
161,ReachObs_IndRandom,r_shoulder,50,20,"[77, 77, 77, 77, 77, 77, 77, 77, 77, 77]",0,0.39156995787648197,0.4298173097078296,obs
162,ReachObs_IndRandom,r_shoulder,100,20,"[77, 77, 77, 77, 77, 77, 77, 77, 77, 77]",2,0.3339057420113723,0.3668162685680496,obs
163,ReachObs_IndRandom,r_shoulder,200,20,"[77, 77, 77, 77, 77, 77, 77, 77, 77, 77]",2,0.3183363746417196,0.35706794336084935,obs
164,ReachObs_IndRandom,r_shoulder,500,20,"[77, 77, 77, 77, 77, 77, 77, 77, 77, 77]",1,0.38465043092192486,0.44272801124935646,obs
165,ReachObs_IndRandom,r_shoulder,1000,20,"[77, 77, 77, 77, 77, 77, 77, 77, 77, 77]",4,0.2727088908252905,0.28698825274578166,obs
166,ReachObs_IndRandom,r_shoulder,2000,20,"[77, 77, 77, 77, 77, 77, 77, 77, 77, 77]",4,0.30082273392602243,0.30687609802638754,obs
167,ReachObs_IndRandom,r_shoulder,5000,20,"[77, 77, 77, 77, 77, 77, 77, 77, 77, 77]",1,0.3361851592611912,0.3792554135345239,obs
168,ReachObs_IndRandom,wrist+l_shoulder+r_shoulder,50,20,"[77, 77, 77, 77, 77, 77, 77, 77, 77, 77]",0,0.3732105508037854,0.4021492699812253,obs
169,ReachObs_IndRandom,wrist+l_shoulder+r_shoulder,100,20,"[77, 77, 77, 77, 77, 77, 77, 77, 77, 77]",0,0.44653228957678753,0.5360586366257976,obs
170,ReachObs_IndRandom,wrist+l_shoulder+r_shoulder,200,20,"[77, 77, 77, 77, 77, 77, 77, 77, 77, 77]",0,0.44877207643137523,0.5197976680654686,obs
171,ReachObs_IndRandom,wrist+l_shoulder+r_shoulder,500,20,"[77, 77, 77, 77, 77, 77, 77, 77, 77, 77]",1,0.2881197797153826,0.30086040849899875,obs
172,ReachObs_IndRandom,wrist+l_shoulder+r_shoulder,1000,20,"[77, 77, 77, 77, 77, 77, 77, 77, 77, 77]",2,0.34629630001937806,0.3854827071830426,obs
173,ReachObs_IndRandom,wrist+l_shoulder+r_shoulder,2000,20,"[77, 77, 77, 77, 77, 77, 77, 77, 77, 77]",0,0.4333220347982296,0.46202625970174127,obs
174,ReachObs_IndRandom,wrist+l_shoulder+r_shoulder,5000,20,"[77, 77, 77, 77, 77, 77, 77, 77, 77, 77]",0,0.43294506984948644,0.46223135942233895,obs
175,ReachObs_IndRandom,wrist+r_shoulder,50,20,"[77, 77, 77, 77, 77, 77, 77, 77, 77, 77]",0,0.41952079950414295,0.42972603947637716,obs
176,ReachObs_IndRandom,wrist+r_shoulder,100,20,"[77, 77, 77, 77, 77, 77, 77, 77, 77, 77]",1,0.4238678972502078,0.4335685962265492,obs
177,ReachObs_IndRandom,wrist+r_shoulder,200,20,"[77, 77, 77, 77, 77, 77, 77, 77, 77, 77]",0,0.46155934214019184,0.5550911039618805,obs
178,ReachObs_IndRandom,wrist+r_shoulder,500,20,"[77, 77, 77, 77, 77, 77, 77, 77, 77, 77]",0,0.31593233164512763,0.33186739441072444,obs
179,ReachObs_IndRandom,wrist+r_shoulder,1000,20,"[77, 77, 77, 77, 77, 77, 77, 77, 77, 77]",0,0.4844559227238717,0.6210204215312677,obs
180,ReachObs_IndRandom,wrist+r_shoulder,2000,20,"[77, 77, 77, 77, 77, 77, 77, 77, 77, 77]",0,0.4333704285738159,0.4622993330589969,obs
181,ReachObs_IndRandom,wrist+r_shoulder,5000,20,"[77, 77, 77, 77, 77, 77, 77, 77, 77, 77]",0,0.3204877764326103,0.338395190264206,obs
182,ReachObs_IndRandom,wrist+l_shoulder,50,20,"[77, 77, 77, 77, 77, 77, 77, 77, 77, 77]",0,0.42839960232569474,0.5726658307012673,obs
183,ReachObs_IndRandom,wrist+l_shoulder,100,20,"[77, 77, 77, 77, 77, 77, 77, 77, 77, 77]",0,0.45401023257200607,0.5435219304751239,obs
184,ReachObs_IndRandom,wrist+l_shoulder,200,20,"[77, 77, 77, 77, 77, 77, 77, 77, 77, 77]",0,0.4802790092029642,0.7077224779949844,obs
185,ReachObs_IndRandom,wrist+l_shoulder,500,20,"[77, 77, 77, 77, 77, 77, 77, 77, 77, 77]",4,0.23325481887669208,0.3553867231304307,obs
186,ReachObs_IndRandom,wrist+l_shoulder,1000,20,"[77, 77, 77, 77, 77, 77, 77, 77, 77, 77]",0,0.34189980303516465,0.3960051607526468,obs
187,ReachObs_IndRandom,wrist+l_shoulder,2000,20,"[77, 77, 77, 77, 77, 77, 77, 77, 77, 77]",1,0.4445385441366911,0.5583867726450694,obs
188,ReachObs_IndRandom,wrist+l_shoulder,5000,20,"[77, 77, 77, 77, 77, 77, 77, 77, 77, 77]",0,0.4330474936194313,0.46173807806610023,obs
189,ReachObs_IndRandom,l_shoulder+r_shoulder,50,20,"[77, 77, 77, 77, 77, 77, 77, 77, 77, 77]",0,0.37497737180834395,0.3916262230653421,obs
190,ReachObs_IndRandom,l_shoulder+r_shoulder,100,20,"[77, 77, 77, 77, 77, 77, 77, 77, 77, 77]",0,0.43437571555656246,0.46151043499542554,obs
191,ReachObs_IndRandom,l_shoulder+r_shoulder,200,20,"[77, 77, 77, 77, 77, 77, 77, 77, 77, 77]",1,0.2705735701732326,0.28042160269755945,obs
192,ReachObs_IndRandom,l_shoulder+r_shoulder,500,20,"[77, 77, 77, 77, 77, 77, 77, 77, 77, 77]",1,0.32836116857948666,0.35891426653401004,obs
193,ReachObs_IndRandom,l_shoulder+r_shoulder,1000,20,"[77, 77, 77, 77, 77, 77, 77, 77, 77, 77]",0,0.31537675154739636,0.3238445095128265,obs
194,ReachObs_IndRandom,l_shoulder+r_shoulder,2000,20,"[77, 77, 77, 77, 77, 77, 77, 77, 77, 77]",0,0.4333489475594038,0.46219351593343594,obs
195,ReachObs_IndRandom,l_shoulder+r_shoulder,5000,20,"[77, 77, 77, 77, 77, 77, 77, 77, 77, 77]",3,0.2891722006097194,0.3218828072478946,obs
196,ReachObs_IndRandom,wrist,50,10,"[77, 77, 77, 77, 77, 77, 77, 77, 77, 77]",0,0.43601257509776375,0.46446943611592983,demo
197,ReachObs_IndRandom,wrist,100,10,"[77, 77, 77, 77, 77, 77, 77, 77, 77, 77]",0,0.43168709644366654,0.45824465376093676,demo
198,ReachObs_IndRandom,wrist,200,10,"[77, 77, 77, 77, 77, 77, 77, 77, 77, 77]",0,0.4303127967917336,0.4662677398183318,demo
199,ReachObs_IndRandom,wrist,500,10,"[77, 77, 77, 77, 77, 77, 77, 77, 77, 77]",0,0.5241862798406434,0.8260530246254248,demo
200,ReachObs_IndRandom,wrist,1000,10,"[77, 77, 77, 77, 77, 77, 77, 77, 77, 77]",0,0.48113150811190575,0.792597353444968,demo
201,ReachObs_IndRandom,wrist,2000,10,"[77, 77, 77, 77, 77, 77, 77, 77, 77, 77]",0,0.5373490094885985,0.8478268165030874,demo
202,ReachObs_IndRandom,wrist,5000,10,"[77, 77, 77, 77, 77, 77, 77, 77, 77, 77]",0,0.550515938474835,0.8177481107854996,demo
203,ReachObs_IndRandom,l_shoulder,50,10,"[77, 77, 77, 77, 77, 77, 77, 77, 77, 77]",0,0.42700230833752456,0.4562665421236166,demo
204,ReachObs_IndRandom,l_shoulder,100,10,"[77, 77, 77, 77, 77, 77, 77, 77, 77, 77]",0,0.4229135378454084,0.4473603299107694,demo
205,ReachObs_IndRandom,l_shoulder,200,10,"[77, 77, 77, 77, 77, 77, 77, 77, 77, 77]",0,0.42039844022372214,0.4636674562640445,demo
206,ReachObs_IndRandom,l_shoulder,500,10,"[77, 77, 77, 77, 77, 77, 77, 77, 77, 77]",0,0.4595144746009627,0.5103943772945614,demo
207,ReachObs_IndRandom,l_shoulder,1000,10,"[77, 77, 77, 77, 77, 77, 77, 77, 77, 77]",1,0.32099627202764053,0.42499446740704094,demo
208,ReachObs_IndRandom,l_shoulder,2000,10,"[77, 77, 77, 77, 77, 77, 77, 77, 77, 77]",1,0.27705764705405256,0.2911712865089752,demo
209,ReachObs_IndRandom,l_shoulder,5000,10,"[77, 77, 77, 77, 77, 77, 77, 77, 77, 77]",1,0.24883698839054436,0.2603560315323613,demo
210,ReachObs_IndRandom,r_shoulder,50,10,"[77, 77, 77, 77, 77, 77, 77, 77, 77, 77]",0,0.4247468268398503,0.44900546881918413,demo
211,ReachObs_IndRandom,r_shoulder,100,10,"[77, 77, 77, 77, 77, 77, 77, 77, 77, 77]",0,0.42360537155932504,0.44650404950484834,demo
212,ReachObs_IndRandom,r_shoulder,200,10,"[77, 77, 77, 77, 77, 77, 77, 77, 77, 77]",0,0.35947692038178247,0.40315317567262615,demo
213,ReachObs_IndRandom,r_shoulder,500,10,"[77, 77, 77, 77, 77, 77, 77, 77, 77, 77]",1,0.5872837847097064,0.8712777643143182,demo
214,ReachObs_IndRandom,r_shoulder,1000,10,"[77, 77, 77, 77, 77, 77, 77, 77, 77, 77]",2,0.2411652155242173,0.2679441988981969,demo
215,ReachObs_IndRandom,r_shoulder,2000,10,"[77, 77, 77, 77, 77, 77, 77, 77, 77, 77]",2,0.29078864601966314,0.32783537478492314,demo
216,ReachObs_IndRandom,r_shoulder,5000,10,"[77, 77, 77, 77, 77, 77, 77, 77, 77, 77]",1,0.3894985830513618,0.4156747911682614,demo
217,ReachObs_IndRandom,wrist+l_shoulder+r_shoulder,50,10,"[77, 77, 77, 77, 77, 77, 77, 77, 77, 77]",0,0.42207228551501147,0.4484544183811069,demo
218,ReachObs_IndRandom,wrist+l_shoulder+r_shoulder,100,10,"[77, 77, 77, 77, 77, 77, 77, 77, 77, 77]",0,0.4227755382247909,0.4509626509893666,demo
219,ReachObs_IndRandom,wrist+l_shoulder+r_shoulder,200,10,"[77, 77, 77, 77, 77, 77, 77, 77, 77, 77]",0,0.3378800279729117,0.35848305131048386,demo
220,ReachObs_IndRandom,wrist+l_shoulder+r_shoulder,500,10,"[77, 77, 77, 77, 77, 77, 77, 77, 77, 77]",1,0.26427398019414106,0.2643661495310904,demo
221,ReachObs_IndRandom,wrist+l_shoulder+r_shoulder,1000,10,"[77, 77, 77, 77, 77, 77, 77, 77, 77, 77]",2,0.24061203889260668,0.24734321459499217,demo
222,ReachObs_IndRandom,wrist+l_shoulder+r_shoulder,2000,10,"[77, 77, 77, 77, 77, 77, 77, 77, 77, 77]",3,0.2683617201286066,0.35867717749736233,demo
223,ReachObs_IndRandom,wrist+l_shoulder+r_shoulder,5000,10,"[77, 77, 77, 77, 77, 77, 77, 77, 77, 77]",2,0.3669999994706117,0.44937988962425546,demo
224,ReachObs_IndRandom,wrist+r_shoulder,50,10,"[77, 77, 77, 77, 77, 77, 77, 77, 77, 77]",0,0.4272505074233203,0.4578246792036323,demo
225,ReachObs_IndRandom,wrist+r_shoulder,100,10,"[77, 77, 77, 77, 77, 77, 77, 77, 77, 77]",0,0.4221578717187244,0.4497453444617057,demo
226,ReachObs_IndRandom,wrist+r_shoulder,200,10,"[77, 77, 77, 77, 77, 77, 77, 77, 77, 77]",0,0.4205324395547847,0.4369249165690465,demo
227,ReachObs_IndRandom,wrist+r_shoulder,500,10,"[77, 77, 77, 77, 77, 77, 77, 77, 77, 77]",0,0.5764754104575515,1.0172264709584637,demo
228,ReachObs_IndRandom,wrist+r_shoulder,1000,10,"[77, 77, 77, 77, 77, 77, 77, 77, 77, 77]",2,0.4302391959799256,0.564751556073085,demo
229,ReachObs_IndRandom,wrist+r_shoulder,2000,10,"[77, 77, 77, 77, 77, 77, 77, 77, 77, 77]",2,0.30936068727358906,0.36064408485683164,demo
230,ReachObs_IndRandom,wrist+r_shoulder,5000,10,"[77, 77, 77, 77, 77, 77, 77, 77, 77, 77]",2,0.3572325339261829,0.65593049636294,demo
231,ReachObs_IndRandom,wrist+l_shoulder,50,10,"[77, 77, 77, 77, 77, 77, 77, 77, 77, 77]",0,0.4245316371913176,0.4609785735945363,demo
232,ReachObs_IndRandom,wrist+l_shoulder,100,10,"[77, 77, 77, 77, 77, 77, 77, 77, 77, 77]",0,0.42128787759246444,0.45121987350155895,demo
233,ReachObs_IndRandom,wrist+l_shoulder,200,10,"[77, 77, 77, 77, 77, 77, 77, 77, 77, 77]",0,0.4223743364993252,0.45431631361926794,demo
234,ReachObs_IndRandom,wrist+l_shoulder,500,10,"[77, 77, 77, 77, 77, 77, 77, 77, 77, 77]",2,0.39093210855936256,0.5404172176483858,demo
235,ReachObs_IndRandom,wrist+l_shoulder,1000,10,"[77, 77, 77, 77, 77, 77, 77, 77, 77, 77]",2,0.281594903951432,0.3322751270592661,demo
236,ReachObs_IndRandom,wrist+l_shoulder,2000,10,"[77, 77, 77, 77, 77, 77, 77, 77, 77, 77]",2,0.23503699530056205,0.28468361768189465,demo
237,ReachObs_IndRandom,wrist+l_shoulder,5000,10,"[77, 77, 77, 77, 77, 77, 77, 77, 77, 77]",1,0.4109737498023332,0.6168069376963764,demo
238,ReachObs_IndRandom,l_shoulder+r_shoulder,50,10,"[77, 77, 77, 77, 77, 77, 77, 77, 77, 77]",0,0.42604792705045264,0.4584413570213416,demo
239,ReachObs_IndRandom,l_shoulder+r_shoulder,100,10,"[77, 77, 77, 77, 77, 77, 77, 77, 77, 77]",0,0.4238815736363989,0.45159438799819707,demo
240,ReachObs_IndRandom,l_shoulder+r_shoulder,200,10,"[77, 77, 77, 77, 77, 77, 77, 77, 77, 77]",0,0.42558887540837276,0.4390694299145429,demo
241,ReachObs_IndRandom,l_shoulder+r_shoulder,500,10,"[77, 77, 77, 77, 77, 77, 77, 77, 77, 77]",2,0.416201751042476,0.6129959020830464,demo
242,ReachObs_IndRandom,l_shoulder+r_shoulder,1000,10,"[77, 77, 77, 77, 77, 77, 77, 77, 77, 77]",5,0.25106896414630947,0.3251285044732334,demo
243,ReachObs_IndRandom,l_shoulder+r_shoulder,2000,10,"[77, 77, 77, 77, 77, 77, 77, 77, 77, 77]",1,0.3358709429823949,0.4183878954958555,demo
244,ReachObs_IndRandom,l_shoulder+r_shoulder,5000,10,"[77, 77, 77, 77, 77, 77, 77, 77, 77, 77]",1,0.23948347851520513,0.2887059498880104,demo
245,ReachObs_IndRandom,wrist,50,20,"[77, 77, 77, 77, 77, 77, 77, 77, 77, 77]",0,0.4378089920431174,0.4667259889407801,demo
246,ReachObs_IndRandom,wrist,100,20,"[77, 77, 77, 77, 77, 77, 77, 77, 77, 77]",0,0.43758052960940563,0.46231843246630355,demo
247,ReachObs_IndRandom,wrist,200,20,"[77, 77, 77, 77, 77, 77, 77, 77, 77, 77]",0,0.4807452190432085,0.6196153036561494,demo
248,ReachObs_IndRandom,wrist,500,20,"[77, 77, 77, 77, 77, 77, 77, 77, 77, 77]",0,0.45731498271002485,0.48881267198093353,demo
249,ReachObs_IndRandom,wrist,1000,20,"[77, 77, 77, 77, 77, 77, 77, 77, 77, 77]",0,0.38865787115668626,0.5080614922237079,demo
250,ReachObs_IndRandom,wrist,2000,20,"[77, 77, 77, 77, 77, 77, 77, 77, 77, 77]",0,0.39101960988278994,0.4102760262184491,demo
251,ReachObs_IndRandom,wrist,5000,20,"[77, 77, 77, 77, 77, 77, 77, 77, 77, 77]",0,0.4161436250631298,0.5359077714799771,demo
252,ReachObs_IndRandom,l_shoulder,50,20,"[77, 77, 77, 77, 77, 77, 77, 77, 77, 77]",0,0.43541901435529706,0.4563901105646132,demo
253,ReachObs_IndRandom,l_shoulder,100,20,"[77, 77, 77, 77, 77, 77, 77, 77, 77, 77]",0,0.43520584782967314,0.4602256683202537,demo
254,ReachObs_IndRandom,l_shoulder,200,20,"[77, 77, 77, 77, 77, 77, 77, 77, 77, 77]",3,0.22173196809217238,0.2223032945857034,demo
255,ReachObs_IndRandom,l_shoulder,500,20,"[77, 77, 77, 77, 77, 77, 77, 77, 77, 77]",2,0.3259337970355597,0.3885249314715046,demo
256,ReachObs_IndRandom,l_shoulder,1000,20,"[77, 77, 77, 77, 77, 77, 77, 77, 77, 77]",1,0.43896244295299197,0.574005591496174,demo
257,ReachObs_IndRandom,l_shoulder,2000,20,"[77, 77, 77, 77, 77, 77, 77, 77, 77, 77]",1,0.318283792708112,0.3242642202124091,demo
258,ReachObs_IndRandom,l_shoulder,5000,20,"[77, 77, 77, 77, 77, 77, 77, 77, 77, 77]",2,0.2652271640482253,0.30680497174349963,demo
259,ReachObs_IndRandom,r_shoulder,50,20,"[77, 77, 77, 77, 77, 77, 77, 77, 77, 77]",0,0.4280654788694095,0.44339111170149526,demo
260,ReachObs_IndRandom,r_shoulder,100,20,"[77, 77, 77, 77, 77, 77, 77, 77, 77, 77]",0,0.4058134422307254,0.43093589505939855,demo
261,ReachObs_IndRandom,r_shoulder,200,20,"[77, 77, 77, 77, 77, 77, 77, 77, 77, 77]",3,0.3025947520527975,0.33615558672370466,demo
262,ReachObs_IndRandom,r_shoulder,500,20,"[77, 77, 77, 77, 77, 77, 77, 77, 77, 77]",1,0.4447629383071143,0.6089597475214165,demo
263,ReachObs_IndRandom,r_shoulder,1000,20,"[77, 77, 77, 77, 77, 77, 77, 77, 77, 77]",2,0.2299828000640142,0.24709414684585526,demo
264,ReachObs_IndRandom,r_shoulder,2000,20,"[77, 77, 77, 77, 77, 77, 77, 77, 77, 77]",7,0.18314924851389294,0.20572625507535172,demo
265,ReachObs_IndRandom,r_shoulder,5000,20,"[77, 77, 77, 77, 77, 77, 77, 77, 77, 77]",4,0.25079622476049473,0.26104565681228903,demo
266,ReachObs_IndRandom,wrist+l_shoulder+r_shoulder,50,20,"[77, 77, 77, 77, 77, 77, 77, 77, 77, 77]",0,0.42544107513813756,0.46002625365374633,demo
267,ReachObs_IndRandom,wrist+l_shoulder+r_shoulder,100,20,"[77, 77, 77, 77, 77, 77, 77, 77, 77, 77]",0,0.428429504799446,0.46449705452774415,demo
268,ReachObs_IndRandom,wrist+l_shoulder+r_shoulder,200,20,"[77, 77, 77, 77, 77, 77, 77, 77, 77, 77]",0,0.47227777789277603,0.5090132106105211,demo
269,ReachObs_IndRandom,wrist+l_shoulder+r_shoulder,500,20,"[77, 77, 77, 77, 77, 77, 77, 77, 77, 77]",2,0.24564205490743843,0.2539292740811897,demo
270,ReachObs_IndRandom,wrist+l_shoulder+r_shoulder,1000,20,"[77, 77, 77, 77, 77, 77, 77, 77, 77, 77]",0,0.30170458071687445,0.40343444453782445,demo
271,ReachObs_IndRandom,wrist+l_shoulder+r_shoulder,2000,20,"[77, 77, 77, 77, 77, 77, 77, 77, 77, 77]",1,0.3702665459229143,0.4029035686887174,demo
272,ReachObs_IndRandom,wrist+l_shoulder+r_shoulder,5000,20,"[77, 77, 77, 77, 77, 77, 77, 77, 77, 77]",1,0.39828508822419634,0.5446845047952562,demo
273,ReachObs_IndRandom,wrist+r_shoulder,50,20,"[77, 77, 77, 77, 77, 77, 77, 77, 77, 77]",0,0.4290016684273292,0.45611260974141754,demo
274,ReachObs_IndRandom,wrist+r_shoulder,100,20,"[77, 77, 77, 77, 77, 77, 77, 77, 77, 77]",0,0.4223877830516214,0.4432827484335773,demo
275,ReachObs_IndRandom,wrist+r_shoulder,200,20,"[77, 77, 77, 77, 77, 77, 77, 77, 77, 77]",0,0.3149727970582138,0.3594342263087762,demo
276,ReachObs_IndRandom,wrist+r_shoulder,500,20,"[77, 77, 77, 77, 77, 77, 77, 77, 77, 77]",0,0.41381199815164216,0.5030705362380105,demo
277,ReachObs_IndRandom,wrist+r_shoulder,1000,20,"[77, 77, 77, 77, 77, 77, 77, 77, 77, 77]",1,0.3653521444533208,0.4232949211667575,demo
278,ReachObs_IndRandom,wrist+r_shoulder,2000,20,"[77, 77, 77, 77, 77, 77, 77, 77, 77, 77]",2,0.4107702765981943,0.5316585133339021,demo
279,ReachObs_IndRandom,wrist+r_shoulder,5000,20,"[77, 77, 77, 77, 77, 77, 77, 77, 77, 77]",1,0.34598244800273154,0.5010275091790894,demo
280,ReachObs_IndRandom,wrist+l_shoulder,50,20,"[77, 77, 77, 77, 77, 77, 77, 77, 77, 77]",0,0.42504648955464397,0.46322511762548385,demo
281,ReachObs_IndRandom,wrist+l_shoulder,100,20,"[77, 77, 77, 77, 77, 77, 77, 77, 77, 77]",0,0.43294859040665246,0.46779821306262104,demo
282,ReachObs_IndRandom,wrist+l_shoulder,200,20,"[77, 77, 77, 77, 77, 77, 77, 77, 77, 77]",1,0.29053135635445865,0.3331314124615799,demo
283,ReachObs_IndRandom,wrist+l_shoulder,500,20,"[77, 77, 77, 77, 77, 77, 77, 77, 77, 77]",0,0.3923476597003516,0.4660298857271498,demo
284,ReachObs_IndRandom,wrist+l_shoulder,1000,20,"[77, 77, 77, 77, 77, 77, 77, 77, 77, 77]",2,0.40164626469974374,0.5794510110332806,demo
285,ReachObs_IndRandom,wrist+l_shoulder,2000,20,"[77, 77, 77, 77, 77, 77, 77, 77, 77, 77]",2,0.33408543305255817,0.4692601079916175,demo
286,ReachObs_IndRandom,wrist+l_shoulder,5000,20,"[77, 77, 77, 77, 77, 77, 77, 77, 77, 77]",0,0.5331231169452723,0.8433207425363415,demo
287,ReachObs_IndRandom,l_shoulder+r_shoulder,50,20,"[77, 77, 77, 77, 77, 77, 77, 77, 77, 77]",0,0.4317506648589472,0.4579934959038182,demo
288,ReachObs_IndRandom,l_shoulder+r_shoulder,100,20,"[77, 77, 77, 77, 77, 77, 77, 77, 77, 77]",0,0.43560190161722534,0.4644452909485232,demo
289,ReachObs_IndRandom,l_shoulder+r_shoulder,200,20,"[77, 77, 77, 77, 77, 77, 77, 77, 77, 77]",0,0.3968362003198571,0.4253642108258412,demo
290,ReachObs_IndRandom,l_shoulder+r_shoulder,500,20,"[77, 77, 77, 77, 77, 77, 77, 77, 77, 77]",2,0.3716894888229717,0.4073591161537434,demo
291,ReachObs_IndRandom,l_shoulder+r_shoulder,1000,20,"[77, 77, 77, 77, 77, 77, 77, 77, 77, 77]",0,0.41741618498699606,0.466938407815719,demo
292,ReachObs_IndRandom,l_shoulder+r_shoulder,2000,20,"[77, 77, 77, 77, 77, 77, 77, 77, 77, 77]",3,0.3215599325874547,0.3384440214034742,demo
293,ReachObs_IndRandom,l_shoulder+r_shoulder,5000,20,"[77, 77, 77, 77, 77, 77, 77, 77, 77, 77]",5,0.25490476919639254,0.26040807041977715,demo
